age,income,city,churned
70,250048.44,Delhi,0
57,80634.89,Pune,0
49,7976.59,Bangalore,1
34,6429.47,Bangalore,1
37,145970.41,Pune,0
20,47435.76,Pune,1
22,14616.64,Mumbai,1
19,37708.02,Mumbai,1
28,910.98,Delhi,1
68,14394.59,Mumbai,1
58,10841.78,Mumbai,1
74,76289.32,Mumbai,0
49,9330.17,Delhi,1
55,23155.82,Delhi,1
78,25048.23,Mumbai,0
63,53656.03,Mumbai,0
57,10153.82,Delhi,0
51,156440.87,Delhi,0
52,1180.27,Pune,1
75,117080.32,Delhi,1
35,36055.85,Pune,0
68,27251.92,Mumbai,1
59,28508.51,Pune,0
18,270534.69,Delhi,0
42,2639.68,Mumbai,1
71,16811.98,Bangalore,0
52,54637.02,Mumbai,0
20,22449.52,Delhi,1
65,24723.91,Pune,1
63,2047.55,Bangalore,0
70,7359.77,Pune,0
28,44467.81,Mumbai,1
23,5245.1,Bangalore,0
71,8067.63,Mumbai,0
19,60312.98,Bangalore,1
51,7.0,Delhi,1
22,3316.55,Pune,0
36,5266.03,Bangalore,0
47,46781.93,Bangalore,0
44,582.56,Pune,0
43,73674.49,Pune,1
19,19934.03,Delhi,1
18,38532.1,Bangalore,0
25,12460.39,Pune,1
18,33382.49,Bangalore,1
59,7917.7,Mumbai,0
50,39785.27,Mumbai,0
58,113040.78,Mumbai,0
33,5666.28,Pune,1
56,20069.3,Delhi,0
65,70760.29,Mumbai,0
41,24036.4,Mumbai,1
46,9812.59,Mumbai,1
79,44735.27,Bangalore,0
67,159416.06,Delhi,1
78,36847.45,Delhi,1
41,7517.1,Bangalore,1
60,6340.27,Bangalore,0
76,14850.94,Mumbai,0
58,31943.7,Mumbai,0
70,9110.1,Bangalore,0
60,62637.98,Delhi,0
61,31402.96,Mumbai,0
42,5642.14,Pune,0
72,7831.69,Delhi,0
26,3001.11,Delhi,1
53,13075.28,Pune,1
62,8007.02,Delhi,1
70,37940.86,Pune,0
50,14823.95,Mumbai,0
41,14102.36,Delhi,1
37,16445.65,Pune,1
44,3945.49,Bangalore,0
48,92444.66,Mumbai,0
62,2605.89,Pune,0
73,22229.09,Bangalore,0
22,43555.33,Pune,1
75,10697.84,Pune,0
50,2747.46,Mumbai,1
40,41401.4,Pune,0
59,34081.67,Delhi,0
53,40741.71,Mumbai,1
33,2771.65,Mumbai,1
37,44323.51,Bangalore,1
62,12464.41,Mumbai,0
54,37729.92,Delhi,1
49,15222.21,Bangalore,1
38,149524.53,Delhi,0
65,17008.21,Pune,0
42,3106.95,Mumbai,1
38,97936.97,Pune,1
73,125089.53,Mumbai,0
34,27028.74,Pune,1
32,31994.98,Pune,1
62,84000.6,Mumbai,0
56,44852.83,Mumbai,1
21,129586.02,Bangalore,1
23,79640.58,Delhi,1
41,35876.63,Delhi,0
69,69540.58,Pune,0
42,111413.49,Bangalore,1
66,9712.57,Mumbai,0
37,162535.48,Bangalore,1
32,114963.54,Pune,1
67,41932.16,Pune,1
72,9625.29,Delhi,0
22,104739.51,Delhi,0
21,48604.62,Mumbai,1
59,39333.56,Pune,0
38,5112.79,Pune,1
53,1474.34,Pune,0
27,26582.47,Pune,1
71,39726.37,Bangalore,0
45,159280.87,Bangalore,1
73,18609.79,Bangalore,1
67,118571.88,Delhi,0
61,15303.16,Mumbai,0
32,129993.26,Bangalore,0
65,38355.98,Delhi,0
21,227181.36,Bangalore,0
53,53819.03,Pune,1
43,28155.94,Mumbai,0
79,142843.45,Pune,0
30,25969.18,Mumbai,0
76,76295.4,Delhi,0
23,9348.89,Delhi,1
56,8786.98,Mumbai,1
53,25213.17,Bangalore,0
73,14815.51,Pune,0
36,87817.45,Mumbai,0
73,40876.67,Bangalore,1
59,76852.48,Mumbai,0
73,13494.79,Delhi,0
30,53207.04,Delhi,1
65,72250.73,Delhi,1
76,20366.02,Pune,1
21,64913.44,Mumbai,1
40,36458.1,Delhi,1
57,29893.62,Mumbai,0
24,4667.25,Mumbai,1
49,12228.88,Pune,0
57,17827.37,Mumbai,1
65,91607.37,Pune,0
75,92143.08,Delhi,0
43,2713.66,Mumbai,0
45,48943.24,Bangalore,0
47,84448.61,Mumbai,0
77,19184.22,Bangalore,1
30,11551.25,Delhi,1
48,35977.48,Bangalore,1
21,14814.54,Pune,1
44,85835.57,Pune,0
76,121197.53,Mumbai,0
56,100506.08,Bangalore,1
39,118784.03,Pune,0
79,29182.74,Pune,1
55,39500.22,Mumbai,0
76,6076.91,Delhi,1
19,81897.04,Pune,0
46,51972.59,Bangalore,1
69,75874.82,Bangalore,0
64,60583.12,Pune,0
43,26450.38,Bangalore,0
48,36034.55,Delhi,1
44,14742.97,Bangalore,1
50,10105.97,Bangalore,0
32,22441.54,Delhi,1
66,20275.18,Delhi,1
22,13466.79,Delhi,1
43,52448.67,Pune,0
35,18268.54,Mumbai,1
63,58393.0,Mumbai,0
64,48716.54,Pune,0
62,10647.66,Delhi,1
75,32937.36,Bangalore,1
75,66524.07,Mumbai,0
29,23993.91,Bangalore,1
25,8265.71,Delhi,1
26,64511.41,Delhi,0
63,20194.2,Mumbai,0
78,18935.84,Delhi,0
75,15905.88,Bangalore,0
59,161221.45,Bangalore,0
78,117060.94,Delhi,0
72,24429.75,Mumbai,1
18,88077.92,Mumbai,0
25,5495.75,Pune,1
71,58219.59,Mumbai,0
23,64518.14,Mumbai,1
78,60385.05,Delhi,0
69,44230.93,Bangalore,1
77,4535.07,Bangalore,1
40,12236.88,Bangalore,1
27,131533.27,Delhi,0
50,38595.56,Mumbai,0
78,78086.31,Mumbai,1
40,35360.92,Delhi,1
73,52392.2,Bangalore,0
41,15045.17,Pune,1
68,60417.68,Pune,1
32,40833.46,Mumbai,0
47,28414.8,Bangalore,1
38,44704.37,Pune,0
32,38425.26,Delhi,1
73,6697.28,Mumbai,1
67,35314.1,Delhi,1
26,84732.4,Mumbai,0
75,52777.98,Pune,0
78,12543.27,Mumbai,0
34,24071.84,Delhi,1
44,25018.22,Delhi,1
51,11672.73,Mumbai,1
58,12274.16,Pune,1
45,24017.02,Pune,1
27,40586.39,Bangalore,1
75,5604.22,Pune,1
60,18295.92,Delhi,0
20,146706.9,Mumbai,0
68,51293.81,Mumbai,0
63,3964.65,Bangalore,1
29,71160.58,Delhi,1
56,13730.09,Pune,0
49,42603.94,Mumbai,0
19,47288.58,Pune,0
75,1911.71,Pune,1
62,36358.34,Pune,0
37,86887.63,Mumbai,0
18,68048.27,Delhi,0
23,7465.11,Mumbai,1
64,1402.92,Delhi,1
27,3886.08,Pune,1
49,7627.96,Pune,1
73,9700.8,Mumbai,0
75,2359.27,Delhi,1
34,101978.66,Bangalore,1
22,4964.42,Bangalore,1
48,40744.51,Delhi,0
70,5924.27,Delhi,0
56,100686.48,Pune,0
22,12312.4,Delhi,0
58,2931.17,Delhi,0
39,11163.9,Bangalore,0
32,89621.74,Bangalore,1
44,30730.27,Mumbai,1
72,11461.91,Delhi,0
77,76972.88,Mumbai,0
26,64578.73,Bangalore,1
52,44978.96,Mumbai,0
65,75342.83,Mumbai,1
34,10952.03,Bangalore,1
34,50517.76,Bangalore,1
32,86119.04,Bangalore,0
30,52419.41,Delhi,1
73,135535.03,Mumbai,0
31,22136.59,Pune,0
32,9810.88,Pune,0
25,17796.48,Pune,1
25,10554.15,Pune,1
66,1152.36,Bangalore,1
35,141783.58,Bangalore,1
67,9648.79,Pune,1
54,9302.22,Mumbai,1
71,16860.89,Pune,1
52,1860.68,Mumbai,0
65,321216.57,Pune,0
68,29159.43,Mumbai,0
21,9034.15,Pune,1
52,101488.25,Mumbai,0
46,39887.36,Mumbai,1
35,42486.49,Delhi,0
46,807.19,Pune,1
43,1261.02,Mumbai,1
48,8470.57,Mumbai,0
68,19328.49,Pune,0
69,151649.11,Mumbai,0
56,25381.32,Delhi,1
62,132492.98,Delhi,0
77,19907.39,Mumbai,0
57,33853.71,Delhi,1
40,9036.03,Pune,1
23,6280.28,Bangalore,1
52,106543.92,Bangalore,1
32,12587.38,Delhi,0
54,102159.15,Bangalore,1
19,12427.34,Pune,1
70,101236.66,Mumbai,0
76,8050.26,Bangalore,1
27,30815.09,Delhi,0
68,50475.8,Mumbai,0
43,5645.19,Bangalore,1
20,66048.29,Mumbai,0
74,54086.27,Bangalore,0
76,28478.33,Delhi,1
20,230672.2,Delhi,0
54,5967.3,Mumbai,1
69,8676.4,Bangalore,0
66,38274.13,Bangalore,1
43,12353.84,Pune,1
71,13389.06,Bangalore,1
69,79351.43,Pune,0
25,2099.7,Pune,0
18,3475.11,Bangalore,0
24,4499.97,Pune,1
40,606.22,Mumbai,0
24,88238.11,Delhi,1
22,21930.57,Mumbai,1
34,15253.39,Pune,1
58,51170.08,Bangalore,0
50,98637.37,Pune,0
34,21262.05,Pune,1
76,9514.97,Bangalore,0
61,180967.29,Pune,0
57,12926.72,Bangalore,1
76,88936.44,Delhi,0
66,29366.52,Delhi,0
25,6826.36,Mumbai,1
20,17441.08,Pune,1
71,161806.69,Delhi,0
43,42993.25,Pune,1
21,66858.27,Delhi,1
47,10693.6,Bangalore,1
41,13124.1,Delhi,1
44,7431.83,Mumbai,1
44,10740.68,Bangalore,0
37,60314.2,Pune,0
48,26152.37,Bangalore,0
48,36503.31,Mumbai,1
78,65321.69,Mumbai,0
60,14853.91,Delhi,1
66,35420.86,Delhi,1
18,29333.64,Mumbai,1
37,11083.8,Mumbai,1
78,2749.97,Mumbai,0
34,40458.83,Delhi,0
49,22760.49,Bangalore,1
71,35660.4,Delhi,0
57,6872.73,Bangalore,1
72,2687.09,Mumbai,1
28,330277.13,Mumbai,0
49,16231.95,Pune,1
57,21871.69,Bangalore,1
39,61223.45,Pune,1
53,11848.33,Mumbai,1
79,2892.08,Pune,0
63,39900.78,Bangalore,1
37,24528.92,Bangalore,0
21,47565.3,Mumbai,1
29,16773.87,Mumbai,1
34,8509.92,Delhi,1
72,8282.66,Bangalore,0
34,7072.13,Pune,1
68,39780.46,Delhi,1
34,39839.19,Delhi,1
59,180412.56,Mumbai,0
50,183512.03,Mumbai,0
77,4762.01,Bangalore,1
53,3803.79,Bangalore,1
75,21274.67,Bangalore,1
77,1739.36,Delhi,1
64,29284.92,Delhi,0
56,65032.38,Pune,0
71,5533.61,Pune,0
79,15836.75,Bangalore,0
33,2021.33,Mumbai,1
52,17153.64,Pune,0
26,109370.91,Mumbai,0
24,119606.18,Bangalore,0
59,23073.18,Bangalore,1
20,166060.17,Pune,0
62,55510.59,Delhi,0
68,21446.96,Pune,0
28,7998.75,Delhi,1
60,147573.61,Mumbai,0
42,8417.95,Bangalore,1
73,50345.75,Mumbai,0
74,50561.43,Mumbai,1
53,6736.49,Mumbai,1
52,6704.41,Bangalore,0
62,64373.28,Pune,0
53,19431.22,Pune,1
64,5284.6,Delhi,1
30,33308.13,Delhi,1
66,3627.0,Bangalore,0
50,46586.86,Bangalore,1
64,10122.26,Pune,1
50,45359.0,Pune,0
37,71935.32,Pune,0
23,49076.56,Delhi,1
50,32483.76,Mumbai,1
78,113005.72,Mumbai,1
20,129761.28,Mumbai,1
53,7427.54,Bangalore,0
45,24254.06,Mumbai,1
18,29322.46,Delhi,1
51,8935.25,Mumbai,0
65,338.76,Pune,1
63,2667.05,Delhi,1
78,10213.98,Delhi,0
50,1759.59,Bangalore,0
54,18049.82,Delhi,1
77,46417.93,Mumbai,0
37,60221.0,Delhi,0
67,12965.78,Mumbai,0
29,135645.7,Pune,1
40,31058.48,Bangalore,0
59,85065.44,Bangalore,0
53,23476.93,Bangalore,0
30,44979.52,Pune,0
58,6004.08,Pune,0
53,597.88,Bangalore,0
75,115312.16,Mumbai,0
55,9412.73,Bangalore,1
72,23575.38,Delhi,0
77,102992.56,Bangalore,0
23,86363.68,Mumbai,0
22,11121.79,Delhi,1
49,105966.44,Pune,0
48,5762.31,Mumbai,1
52,9017.51,Delhi,1
64,25739.87,Pune,0
37,16403.91,Bangalore,1
28,17121.32,Delhi,1
60,21901.78,Pune,0
42,38417.97,Delhi,0
75,331.41,Bangalore,0
21,346507.14,Pune,0
61,16986.32,Delhi,1
63,4396.7,Bangalore,0
34,91922.77,Mumbai,0
23,24625.59,Delhi,1
37,148787.1,Bangalore,0
42,21289.09,Pune,1
78,20396.3,Mumbai,1
72,2095.24,Bangalore,0
32,7940.13,Bangalore,1
47,31031.25,Bangalore,1
55,99850.73,Bangalore,1
74,17732.75,Bangalore,0
26,56477.12,Pune,0
65,75031.07,Delhi,0
75,16321.17,Delhi,0
74,116863.1,Bangalore,1
35,19521.9,Bangalore,1
25,7591.71,Mumbai,1
54,8824.17,Mumbai,1
22,2516.12,Delhi,1
26,105087.99,Pune,0
22,2264.03,Pune,1
31,354.26,Delhi,1
71,32209.03,Mumbai,0
59,30815.47,Delhi,0
57,105115.82,Delhi,0
79,179913.78,Mumbai,0
48,13378.51,Delhi,1
20,14120.61,Mumbai,1
28,7950.06,Bangalore,1
34,32498.09,Pune,1
59,5772.27,Mumbai,1
40,113971.03,Pune,1
37,118689.98,Delhi,0
24,83499.97,Mumbai,1
62,310.85,Delhi,0
19,23606.9,Mumbai,1
46,8121.96,Bangalore,0
64,29245.18,Bangalore,1
49,14341.46,Delhi,1
60,31138.46,Mumbai,1
66,9422.31,Bangalore,1
31,24208.21,Bangalore,1
23,10105.86,Pune,0
21,4523.86,Bangalore,1
53,2062.32,Pune,1
34,42838.39,Mumbai,0
30,60985.81,Delhi,1
63,51796.65,Pune,0
68,61046.81,Mumbai,0
77,144051.83,Pune,0
48,52131.19,Bangalore,0
50,67204.44,Delhi,1
79,39277.46,Pune,1
49,4024.81,Bangalore,1
29,26506.37,Delhi,1
33,3849.72,Bangalore,1
77,21914.94,Mumbai,0
20,186359.86,Pune,0
67,5394.39,Bangalore,0
58,1103.89,Delhi,1
47,30495.31,Mumbai,0
69,66998.9,Bangalore,0
68,214357.07,Delhi,0
45,36060.16,Delhi,1
55,35063.36,Delhi,1
65,38089.49,Delhi,1
58,95317.44,Delhi,0
48,101773.21,Pune,1
74,44876.44,Mumbai,1
72,10830.89,Pune,1
22,143512.55,Mumbai,0
51,36768.45,Mumbai,0
69,14784.66,Mumbai,1
23,99697.89,Pune,1
41,51148.11,Bangalore,0
49,5164.82,Mumbai,0
38,33935.91,Delhi,1
61,12929.27,Bangalore,0
79,10167.53,Pune,0
40,45009.35,Pune,1
66,2407.58,Pune,0
25,23587.14,Delhi,1
48,11452.99,Pune,1
18,5446.43,Bangalore,0
44,105203.95,Delhi,1
18,39111.72,Mumbai,0
72,26532.23,Delhi,0
78,42340.78,Pune,0
23,21402.62,Delhi,0
68,94355.91,Bangalore,0
61,42950.64,Mumbai,0
36,3747.74,Pune,1
66,56335.61,Pune,0
77,3198.22,Mumbai,1
67,5731.16,Mumbai,1
60,38797.04,Delhi,1
37,16934.43,Mumbai,1
55,44288.47,Delhi,0
67,34235.38,Delhi,0
62,9016.43,Delhi,0
31,183438.87,Bangalore,0
43,105251.24,Pune,0
40,3785.64,Mumbai,1
61,19654.09,Bangalore,0
43,33803.12,Delhi,0
44,7874.85,Pune,1
51,1989.77,Bangalore,1
53,37082.55,Delhi,1
24,8995.6,Mumbai,1
75,22005.22,Delhi,1
43,69816.33,Delhi,0
28,44600.27,Pune,1
18,39380.45,Bangalore,1
44,141866.52,Bangalore,0
64,13080.84,Mumbai,0
36,29467.52,Bangalore,1
70,19492.12,Delhi,1
30,13880.71,Bangalore,1
26,49571.16,Delhi,1
42,7798.03,Mumbai,1
61,16969.04,Delhi,1
36,37428.18,Mumbai,1
68,28419.88,Pune,1
19,59003.79,Bangalore,1
78,8016.44,Bangalore,0
20,4867.45,Bangalore,1
70,51549.27,Delhi,0
18,8322.4,Bangalore,1
44,36503.68,Pune,0
37,38157.8,Mumbai,0
78,74372.21,Bangalore,0
58,41873.58,Mumbai,0
78,24849.35,Delhi,1
43,6831.2,Bangalore,1
49,349.87,Pune,0
49,61185.13,Bangalore,0
64,7139.64,Pune,1
49,114710.28,Mumbai,0
74,122871.57,Delhi,0
29,15983.26,Pune,1
47,875.11,Delhi,0
33,35381.87,Bangalore,0
71,52919.05,Delhi,0
26,51384.37,Pune,1
61,3015.03,Pune,1
74,24248.35,Mumbai,0
36,35824.8,Bangalore,1
35,73250.63,Pune,0
65,333028.87,Delhi,0
54,6119.86,Bangalore,1
53,49918.34,Mumbai,0
72,59966.15,Mumbai,0
23,17722.06,Bangalore,0
34,41227.12,Mumbai,1
42,7027.39,Bangalore,0
74,5215.31,Delhi,1
22,35630.21,Bangalore,1
46,23932.79,Pune,1
47,34591.1,Delhi,1
18,93247.12,Mumbai,1
44,4867.81,Bangalore,1
58,8095.79,Pune,0
44,44815.97,Mumbai,1
36,55906.51,Pune,1
54,1563.0,Delhi,0
78,75408.5,Delhi,0
25,163576.65,Mumbai,1
35,36888.01,Pune,0
75,42550.41,Mumbai,0
36,15262.08,Bangalore,1
60,39902.35,Bangalore,1
39,14736.66,Bangalore,1
69,14274.3,Bangalore,0
54,17811.28,Delhi,1
73,60729.96,Bangalore,1
57,33599.08,Delhi,0
54,103262.18,Delhi,0
48,152582.16,Bangalore,0
20,28744.04,Delhi,0
25,172960.81,Pune,0
62,166012.02,Delhi,0
57,104141.0,Pune,1
53,30667.95,Bangalore,0
25,45951.24,Mumbai,1
69,41664.74,Delhi,1
67,35178.69,Delhi,0
50,38722.88,Mumbai,1
33,15607.27,Delhi,1
68,14690.69,Pune,0
50,32489.88,Delhi,1
79,55209.18,Bangalore,0
35,127567.74,Bangalore,0
39,929.98,Bangalore,1
67,48839.62,Mumbai,1
28,28592.55,Bangalore,1
37,2618.04,Bangalore,1
42,24422.52,Pune,1
63,4130.85,Mumbai,1
64,11261.47,Bangalore,0
66,144267.84,Bangalore,0
45,97909.29,Delhi,0
56,28613.6,Pune,0
54,139997.52,Delhi,0
65,40810.02,Pune,0
25,80537.36,Delhi,0
37,52977.3,Delhi,1
63,101306.44,Pune,0
30,19636.46,Delhi,0
35,68213.54,Pune,1
78,144269.49,Delhi,0
29,113273.74,Bangalore,1
79,104513.93,Mumbai,0
71,102188.61,Pune,1
27,41529.6,Pune,1
52,19555.73,Pune,0
38,22988.79,Pune,1
48,17774.96,Pune,1
55,59565.93,Mumbai,1
73,177832.71,Bangalore,0
75,223109.38,Delhi,0
23,89283.72,Delhi,1
29,18133.36,Mumbai,1
61,20905.6,Delhi,1
30,49100.96,Pune,0
38,22718.91,Delhi,1
54,97183.37,Pune,1
28,59777.17,Delhi,1
79,34833.39,Pune,1
59,66790.56,Mumbai,0
32,14510.03,Pune,1
40,212580.74,Pune,0
58,91889.04,Pune,0
38,8408.18,Pune,1
56,50585.26,Pune,1
76,90769.27,Delhi,0
40,43276.71,Bangalore,0
30,201526.51,Pune,0
35,77.72,Pune,1
49,27965.23,Pune,1
52,84104.26,Mumbai,0
19,74692.43,Bangalore,0
57,18832.07,Pune,0
28,34292.23,Delhi,1
57,68735.87,Mumbai,0
72,26351.2,Mumbai,1
29,50880.01,Bangalore,1
66,98959.06,Mumbai,1
20,17519.39,Mumbai,1
52,75131.0,Mumbai,1
59,21758.8,Mumbai,0
31,133697.65,Mumbai,0
66,51754.63,Pune,1
52,43294.47,Pune,0
43,8624.58,Bangalore,0
18,4211.82,Pune,1
26,39448.23,Mumbai,0
62,130302.5,Delhi,0
43,16694.29,Pune,1
62,4448.93,Pune,0
77,74539.98,Delhi,0
58,12072.32,Bangalore,1
63,57548.86,Bangalore,0
55,21098.02,Bangalore,0
36,23253.96,Delhi,1
22,14620.19,Delhi,0
56,19260.04,Pune,1
33,7532.13,Mumbai,1
25,5392.66,Bangalore,1
53,11161.65,Delhi,1
55,2231.39,Mumbai,1
42,20517.85,Mumbai,0
57,202025.95,Mumbai,0
79,18290.86,Delhi,0
65,16576.49,Pune,1
75,12008.08,Delhi,0
22,39521.29,Delhi,1
27,59920.49,Bangalore,1
40,44425.02,Pune,0
54,4512.59,Pune,1
61,9956.76,Delhi,0
61,142818.8,Mumbai,0
74,69981.43,Pune,0
26,15998.58,Pune,1
28,35895.93,Mumbai,1
37,35533.38,Mumbai,1
28,7454.61,Mumbai,1
62,20061.81,Mumbai,0
43,82437.18,Mumbai,1
73,54526.67,Bangalore,0
35,22868.8,Delhi,1
39,17406.93,Bangalore,0
36,111349.19,Delhi,1
32,17820.22,Delhi,1
70,20130.77,Pune,0
68,13629.2,Pune,1
36,30520.05,Pune,1
54,52604.87,Pune,1
72,135189.54,Mumbai,0
47,37750.57,Delhi,1
73,152518.0,Mumbai,0
33,93220.37,Bangalore,0
32,9800.27,Bangalore,0
22,64121.55,Mumbai,1
57,54291.23,Mumbai,0
19,37208.1,Delhi,1
29,50190.48,Bangalore,1
53,31089.99,Mumbai,0
45,6675.86,Delhi,0
29,50577.29,Mumbai,0
49,9411.57,Pune,0
78,84795.94,Delhi,0
78,9787.68,Pune,0
24,1381.71,Pune,1
64,11618.58,Bangalore,1
46,48513.68,Bangalore,1
46,258320.97,Mumbai,0
42,20384.12,Mumbai,1
69,31051.65,Pune,1
32,16524.34,Mumbai,0
54,2006.65,Bangalore,0
64,33796.67,Bangalore,0
43,47081.76,Delhi,0
57,87171.34,Pune,0
25,131774.19,Bangalore,1
62,31843.26,Bangalore,0
36,118722.75,Delhi,0
23,54068.0,Pune,1
36,71019.21,Bangalore,0
39,124187.89,Pune,0
57,49598.05,Bangalore,1
50,7674.63,Pune,1
69,7713.25,Pune,0
44,8180.21,Bangalore,1
72,5778.78,Delhi,1
20,131367.28,Pune,0
38,49270.19,Pune,1
30,70018.21,Delhi,1
41,39790.89,Mumbai,1
76,1189.25,Pune,1
26,45635.19,Pune,1
28,11420.25,Delhi,1
43,32043.47,Bangalore,1
70,21601.57,Bangalore,1
18,72926.64,Bangalore,0
68,128858.59,Bangalore,0
66,30202.53,Bangalore,0
42,2487.89,Mumbai,1
20,59195.73,Mumbai,1
46,11210.49,Mumbai,1
61,31308.98,Bangalore,0
69,56310.3,Pune,0
27,55757.95,Mumbai,0
60,25865.52,Mumbai,1
52,11377.25,Mumbai,1
69,20553.9,Mumbai,0
62,57487.4,Bangalore,0
64,51751.27,Bangalore,0
71,91141.62,Delhi,0
60,18951.81,Bangalore,1
42,135561.24,Bangalore,1
74,22203.6,Delhi,1
52,57566.16,Pune,0
69,29084.36,Mumbai,0
24,153584.76,Mumbai,0
29,53125.27,Bangalore,0
51,4923.26,Mumbai,0
64,21451.2,Pune,0
76,272847.94,Bangalore,0
23,1430.01,Pune,1
71,3031.28,Pune,0
44,21284.43,Delhi,0
76,5680.86,Bangalore,1
42,96586.72,Bangalore,1
75,32170.12,Delhi,0
30,26906.32,Delhi,1
39,27020.06,Bangalore,1
76,23471.37,Mumbai,1
79,43496.43,Pune,0
23,4115.65,Delhi,1
27,74696.0,Pune,1
18,2631.38,Pune,1
75,46988.13,Mumbai,0
38,7174.41,Mumbai,1
50,9565.06,Delhi,1
79,17999.58,Bangalore,0
70,35323.81,Bangalore,1
34,93032.93,Pune,0
41,49026.45,Pune,0
69,125060.43,Delhi,0
48,45738.77,Pune,0
28,27670.37,Mumbai,1
76,31091.59,Bangalore,0
54,11704.62,Mumbai,1
66,2562.33,Delhi,1
77,16879.93,Pune,0
55,108955.15,Mumbai,0
62,24500.25,Bangalore,1
71,11720.94,Mumbai,1
78,4231.11,Delhi,0
51,49939.47,Pune,1
53,47694.28,Mumbai,1
59,3811.05,Pune,0
78,32581.85,Mumbai,0
45,33216.17,Delhi,1
69,5086.65,Bangalore,0
35,120734.09,Mumbai,1
66,73260.73,Bangalore,0
24,12845.82,Bangalore,1
73,11639.16,Bangalore,0
39,22535.48,Bangalore,1
57,3254.64,Pune,1
26,8894.62,Bangalore,1
40,5670.54,Pune,0
23,92796.08,Delhi,0
50,45180.72,Mumbai,1
79,88301.25,Mumbai,0
32,8480.54,Bangalore,1
34,24647.04,Pune,1
66,1220.68,Pune,1
29,8309.28,Bangalore,0
28,22276.69,Mumbai,1
31,21611.95,Pune,0
53,18907.95,Mumbai,0
49,109524.77,Mumbai,0
51,4232.1,Bangalore,0
19,38936.65,Bangalore,1
59,165233.82,Delhi,0
37,2141.45,Bangalore,1
65,55726.61,Mumbai,1
69,69475.55,Pune,0
24,9028.29,Mumbai,1
36,13839.69,Mumbai,1
56,169610.47,Pune,0
28,72857.56,Bangalore,0
43,130097.49,Pune,0
39,30817.6,Delhi,1
56,9330.19,Mumbai,1
64,23834.57,Delhi,1
61,17830.68,Bangalore,1
37,51743.21,Pune,0
54,42488.88,Pune,0
67,14498.47,Mumbai,1
63,13713.59,Delhi,1
66,3145.44,Bangalore,1
50,203667.86,Delhi,0
54,21090.0,Pune,0
46,7396.23,Pune,1
55,182004.47,Mumbai,0
35,169453.78,Pune,0
46,52690.04,Bangalore,0
32,7169.67,Pune,1
49,16955.78,Pune,0
61,19288.31,Pune,1
66,7910.22,Mumbai,0
61,21208.85,Delhi,0
28,312014.82,Mumbai,0
30,72498.81,Bangalore,0
41,161851.72,Bangalore,0
78,53940.49,Delhi,1
19,54763.39,Delhi,0
59,7342.23,Delhi,1
36,18931.01,Delhi,1
50,46389.65,Mumbai,1
23,165244.1,Delhi,0
70,150685.06,Pune,0
72,103004.89,Pune,0
48,13774.49,Bangalore,0
66,13133.27,Mumbai,1
47,3655.32,Mumbai,1
63,81101.87,Bangalore,0
34,42551.8,Mumbai,0
37,4021.1,Pune,1
27,13289.86,Bangalore,0
46,26290.19,Mumbai,0
62,24532.57,Bangalore,1
66,14234.51,Bangalore,0
70,212267.02,Mumbai,0
29,20172.08,Mumbai,1
60,7248.83,Delhi,0
34,21736.99,Delhi,1
40,84591.83,Bangalore,0
40,186705.13,Delhi,1
53,8078.9,Delhi,1
54,63084.52,Mumbai,1
52,57089.14,Mumbai,1
22,68654.88,Delhi,1
76,30079.54,Bangalore,1
70,4476.88,Pune,1
42,2297.49,Mumbai,0
53,33356.14,Delhi,0
28,34195.58,Delhi,1
57,31245.67,Bangalore,1
72,20902.21,Bangalore,0
75,12214.12,Delhi,1
73,8799.25,Pune,1
21,49999.2,Pune,0
20,21491.29,Pune,1
63,17929.96,Delhi,1
30,46696.12,Bangalore,1
29,72597.35,Mumbai,0
57,56289.61,Bangalore,1
21,18392.8,Bangalore,0
66,57913.8,Mumbai,1
29,18974.54,Pune,1
55,116300.79,Delhi,0
57,10102.85,Mumbai,0
29,5224.48,Pune,1
42,44841.21,Mumbai,1
25,128429.22,Mumbai,0
78,79277.28,Pune,0
49,30883.06,Mumbai,1
27,47823.31,Pune,0
68,8186.72,Bangalore,0
63,34942.96,Bangalore,1
31,8012.32,Bangalore,0
39,14937.57,Bangalore,1
22,53313.33,Pune,1
52,12372.22,Bangalore,1
52,161775.1,Pune,1
21,20631.72,Mumbai,1
29,12850.26,Mumbai,1
46,13033.04,Bangalore,1
22,65481.2,Bangalore,0
63,229539.2,Delhi,0
65,89993.07,Delhi,0
62,55378.03,Mumbai,0
68,92437.61,Mumbai,0
67,58954.92,Bangalore,0
42,81605.53,Bangalore,1
45,5377.62,Pune,0
36,13689.54,Pune,0
28,47403.26,Delhi,0
35,9078.13,Mumbai,1
62,87820.02,Pune,0
40,71749.35,Mumbai,1
79,35566.92,Pune,1
53,30406.74,Delhi,1
59,16197.61,Bangalore,1
50,129089.75,Delhi,0
67,2821.62,Pune,1
40,47314.27,Pune,0
55,12087.31,Bangalore,1
57,191049.81,Mumbai,0
71,29709.72,Mumbai,0
59,94571.47,Mumbai,0
55,16728.96,Pune,0
52,24852.24,Bangalore,0
21,18532.62,Delhi,1
42,2632.44,Delhi,1
37,23614.05,Bangalore,1
56,42268.8,Delhi,1
37,3162.12,Pune,1
54,12228.77,Bangalore,1
48,123183.85,Bangalore,0
39,57129.77,Delhi,1
49,51580.18,Bangalore,0
36,10716.26,Mumbai,1
31,38110.74,Pune,1
51,1855.16,Pune,1
79,7223.13,Mumbai,1
55,61175.23,Delhi,0
56,60826.57,Mumbai,0
55,42564.14,Mumbai,1
72,5027.1,Delhi,0
41,1698.29,Mumbai,1
44,33306.65,Delhi,1
53,181172.81,Delhi,0
52,60345.26,Mumbai,1
79,38984.28,Pune,0
29,74217.97,Delhi,1
44,5691.04,Mumbai,1
31,17429.48,Mumbai,1
70,21508.9,Bangalore,0
52,1750.72,Pune,1
23,8984.02,Mumbai,1
29,36255.91,Delhi,1
72,26075.77,Pune,0
45,22629.6,Mumbai,0
76,30584.29,Pune,0
23,22931.97,Bangalore,1
34,29859.77,Delhi,1
51,70448.32,Delhi,1
18,16870.07,Bangalore,1
42,12019.11,Pune,0
47,38883.54,Pune,0
32,68125.08,Delhi,1
29,54003.15,Mumbai,1
75,41873.65,Delhi,0
78,31138.66,Delhi,1
49,38323.95,Pune,1
73,62829.33,Bangalore,0
48,99457.3,Pune,0
77,160807.16,Delhi,0
20,4489.46,Mumbai,0
55,32124.69,Mumbai,0
20,30525.7,Mumbai,1
49,110688.83,Mumbai,1
72,15678.4,Delhi,0
69,16270.13,Bangalore,0
31,135378.21,Mumbai,1
58,4422.09,Bangalore,1
28,145147.94,Bangalore,0
33,60846.42,Delhi,1
44,3862.15,Delhi,0
75,55170.02,Delhi,0
59,41308.5,Bangalore,0
45,183787.74,Pune,0
30,37596.91,Pune,1
65,46763.93,Pune,0
54,50118.77,Delhi,0
49,29814.44,Bangalore,1
58,23535.38,Pune,0
29,33783.41,Pune,1
74,179368.03,Pune,0
36,41728.61,Bangalore,0
47,117183.26,Bangalore,0
53,23949.83,Delhi,1
28,1823.95,Pune,1
26,120726.19,Delhi,0
47,16028.78,Mumbai,1
18,11454.05,Bangalore,1
55,69320.27,Pune,1
44,103239.66,Delhi,0
32,39620.24,Pune,1
65,87151.45,Bangalore,0
38,19706.29,Pune,1
56,47513.39,Delhi,1
30,62675.51,Pune,1
38,42648.54,Bangalore,1
56,71234.8,Bangalore,0
62,32831.6,Pune,1
57,2788.68,Delhi,1
48,51440.2,Bangalore,0
33,15722.75,Pune,1
79,82557.94,Bangalore,1
74,100977.89,Delhi,0
66,78994.46,Bangalore,0
36,35298.49,Bangalore,1
69,6146.12,Delhi,0
53,37145.23,Bangalore,0
34,14786.21,Bangalore,1
66,65688.7,Mumbai,1
27,62158.25,Pune,0
53,5335.53,Pune,1
30,83070.78,Bangalore,1
22,48933.43,Delhi,1
44,7057.92,Delhi,1
45,10911.09,Mumbai,0
49,39845.51,Pune,0
18,25855.3,Delhi,1
30,35369.64,Mumbai,0
23,97258.88,Delhi,1
66,12819.38,Mumbai,0
21,41638.91,Pune,1
71,5975.68,Pune,1
31,57065.84,Pune,1
37,30017.25,Bangalore,1
38,14687.09,Bangalore,1
49,5933.33,Mumbai,0
40,25030.53,Delhi,1
54,107211.09,Bangalore,0
41,78487.3,Pune,0
62,10043.68,Bangalore,0
79,161020.98,Delhi,0
27,53301.41,Delhi,1
25,43052.98,Mumbai,1
35,112695.13,Delhi,1
30,26367.84,Delhi,0
63,14632.4,Mumbai,0
62,20009.49,Bangalore,1
53,51799.92,Bangalore,0
79,11923.17,Mumbai,1
73,7006.21,Delhi,1
78,21910.78,Delhi,0
45,59866.14,Mumbai,0
52,87682.85,Pune,1
43,7245.96,Delhi,1
35,3926.92,Bangalore,0
37,48688.75,Bangalore,0
64,13287.5,Mumbai,1
32,14413.88,Delhi,1
27,56323.02,Bangalore,1
58,45050.07,Delhi,1
51,40175.2,Pune,1
34,46741.1,Bangalore,1
36,35353.52,Bangalore,0
71,102819.46,Delhi,0
20,20568.96,Bangalore,1
34,95663.16,Bangalore,0
52,9913.5,Mumbai,1
59,10628.76,Pune,0
53,65143.69,Mumbai,0
53,1829.79,Delhi,1
65,39441.37,Bangalore,0
56,49830.14,Pune,1
56,2087.3,Bangalore,1
73,107327.91,Delhi,0
65,71535.46,Bangalore,0
28,28660.35,Bangalore,1
77,351.85,Mumbai,0
27,102477.6,Delhi,0
76,42063.46,Bangalore,0
25,20443.09,Bangalore,1
78,115173.04,Pune,0
22,13778.48,Pune,1
72,57743.65,Mumbai,0
51,1061.33,Bangalore,0
52,134546.93,Bangalore,1
28,31016.22,Pune,1
26,45097.93,Mumbai,0
68,54714.07,Delhi,0
33,35415.94,Pune,0
19,7370.36,Pune,0
46,123778.59,Mumbai,1
41,33966.44,Mumbai,0
45,32197.46,Mumbai,0
47,63736.43,Mumbai,0
22,86086.01,Pune,1
31,23466.62,Pune,1
34,108217.95,Pune,0
40,69824.41,Bangalore,0
44,1714.46,Mumbai,1
31,90445.85,Mumbai,0
67,3050.56,Bangalore,1
35,18886.56,Bangalore,1
45,6067.02,Delhi,0
75,21339.76,Delhi,0
79,151045.53,Mumbai,0
43,18276.23,Pune,0
42,56080.14,Mumbai,1
41,24743.19,Mumbai,1
40,27981.18,Delhi,1
55,9503.61,Bangalore,0
57,34169.06,Pune,1
59,14047.3,Mumbai,1
66,42532.41,Bangalore,0
58,22127.28,Mumbai,0
34,20176.67,Pune,1
23,9246.31,Bangalore,1
43,739.03,Bangalore,1
54,30156.2,Delhi,1
74,8667.25,Pune,1
63,669.74,Mumbai,1
37,6336.87,Mumbai,1
67,97243.01,Delhi,0
58,52586.52,Mumbai,0
54,2757.33,Bangalore,1
71,58128.55,Delhi,0
26,212919.5,Bangalore,0
48,17685.47,Bangalore,1
23,109277.06,Bangalore,0
63,15918.65,Pune,0
38,14511.31,Delhi,0
65,32830.27,Bangalore,1
75,65409.64,Bangalore,0
71,26865.58,Delhi,1
47,38461.57,Delhi,1
56,10068.39,Delhi,1
73,15161.66,Bangalore,1
25,152001.68,Pune,0
46,31857.0,Bangalore,1
36,27963.99,Delhi,1
64,6018.4,Delhi,1
79,6011.17,Bangalore,1
48,45369.2,Pune,1
46,2582.15,Bangalore,0
61,45987.47,Delhi,1
33,29776.41,Bangalore,1
37,5695.58,Mumbai,1
28,168022.5,Bangalore,0
73,132786.34,Pune,0
49,5304.02,Mumbai,1
34,48322.89,Mumbai,1
56,34581.52,Pune,1
18,33232.93,Pune,1
40,36971.54,Pune,0
62,116251.52,Pune,0
77,16964.84,Mumbai,0
59,43024.16,Mumbai,0
25,4717.61,Delhi,1
58,7424.03,Delhi,0
62,8136.76,Pune,0
60,2172.65,Delhi,0
26,70382.57,Delhi,0
54,73652.28,Bangalore,1
42,15704.23,Mumbai,1
25,9650.49,Delhi,1
78,26012.42,Delhi,0
59,12722.27,Mumbai,0
70,77779.19,Pune,0
18,95241.82,Mumbai,0
43,104072.43,Pune,0
29,63665.4,Bangalore,1
74,19068.25,Pune,1
44,12996.58,Bangalore,1
59,43447.44,Bangalore,0
41,207826.3,Bangalore,0
75,16.44,Pune,0
25,53661.61,Delhi,1
26,77161.35,Mumbai,0
44,155589.56,Delhi,1
54,62153.56,Delhi,1
56,29029.21,Delhi,1
71,28322.25,Mumbai,0
41,280574.58,Mumbai,0
76,68217.4,Pune,1
61,160827.18,Pune,0
53,101661.31,Mumbai,0
32,12912.98,Delhi,1
63,103998.99,Mumbai,1
26,11432.64,Bangalore,1
21,22704.32,Pune,1
64,22682.1,Mumbai,1
33,8103.62,Pune,1
59,38943.65,Pune,1
52,10537.1,Bangalore,0
44,18593.81,Bangalore,0
46,73407.04,Mumbai,0
26,49179.33,Bangalore,0
36,27299.11,Bangalore,1
59,111440.96,Bangalore,0
41,87414.16,Pune,1
64,4239.36,Pune,0
76,4958.67,Delhi,0
28,56596.63,Mumbai,0
29,111140.67,Bangalore,0
60,17366.43,Bangalore,1
33,111046.58,Bangalore,1
40,17277.66,Mumbai,1
74,24386.19,Bangalore,0
74,22931.78,Pune,0
75,26505.16,Delhi,0
64,40892.41,Delhi,1
20,64128.2,Mumbai,0
34,104236.93,Mumbai,1
57,43558.66,Pune,1
76,17307.79,Delhi,1
33,125256.01,Bangalore,1
19,1265.16,Delhi,1
61,14518.47,Pune,0
29,53254.5,Bangalore,0
72,53613.9,Pune,0
32,153732.15,Pune,0
25,60159.51,Bangalore,1
63,115733.54,Delhi,0
30,43376.51,Delhi,0
50,1046.37,Bangalore,1
78,27779.27,Mumbai,1
46,8297.61,Delhi,0
36,71147.13,Bangalore,0
31,9487.6,Bangalore,1
48,42166.93,Pune,1
64,10504.59,Bangalore,0
63,14140.57,Pune,0
25,9205.77,Delhi,1
54,58452.73,Delhi,0
33,115814.48,Mumbai,0
40,124852.65,Mumbai,0
67,39963.44,Bangalore,1
69,748.72,Delhi,0
45,4889.4,Delhi,1
33,28159.55,Mumbai,1
72,96473.76,Mumbai,0
70,57949.34,Delhi,0
55,170190.53,Bangalore,0
43,40141.58,Delhi,1
66,87359.5,Bangalore,0
42,23533.96,Pune,0
29,3156.7,Delhi,1
76,26646.53,Delhi,0
37,91133.92,Pune,1
60,20725.86,Pune,0
41,11315.27,Pune,0
78,8838.45,Bangalore,0
48,21216.46,Bangalore,0
53,16845.57,Delhi,0
47,48457.25,Mumbai,1
72,51321.5,Pune,0
68,14433.76,Pune,1
51,64826.28,Pune,0
28,26061.91,Delhi,1
39,1191.58,Mumbai,1
70,33972.16,Delhi,0
78,292.49,Mumbai,1
73,7300.57,Pune,1
77,68785.17,Mumbai,0
22,53826.98,Delhi,0
44,19404.32,Pune,1
18,63036.2,Delhi,1
22,22400.05,Delhi,1
36,58901.16,Bangalore,1
53,89684.55,Bangalore,0
42,71374.98,Pune,1
43,51432.65,Bangalore,0
78,5270.33,Delhi,0
79,28546.25,Pune,0
22,51988.75,Delhi,1
39,8490.8,Delhi,1
66,30554.16,Bangalore,0
40,3975.77,Delhi,0
47,22940.88,Pune,1
50,14066.69,Delhi,0
26,1018.36,Mumbai,1
45,70158.69,Bangalore,0
40,9586.76,Delhi,0
43,1988.86,Mumbai,1
41,6327.09,Mumbai,0
18,9125.83,Pune,1
33,96450.88,Mumbai,0
60,19492.79,Bangalore,0
36,10657.01,Pune,0
79,17161.72,Mumbai,1
44,13123.2,Mumbai,0
40,6978.29,Pune,0
77,136041.44,Mumbai,0
30,2045.12,Delhi,1
46,98992.76,Mumbai,0
68,60645.09,Pune,1
76,30737.32,Mumbai,0
75,3546.78,Bangalore,0
19,14863.49,Pune,1
49,18143.06,Pune,1
22,4202.21,Pune,0
44,85708.27,Bangalore,1
19,11466.63,Bangalore,1
35,2989.37,Delhi,1
59,26881.28,Bangalore,0
70,43862.29,Bangalore,0
31,50652.26,Mumbai,1
43,2088.69,Pune,1
53,28562.17,Delhi,1
65,43271.99,Delhi,0
67,69509.57,Pune,0
79,44854.86,Mumbai,0
38,27394.2,Bangalore,0
52,67092.89,Delhi,0
33,9311.18,Delhi,0
18,3242.1,Pune,1
62,34238.06,Pune,0
46,36689.1,Delhi,1
47,13628.19,Delhi,1
49,59045.94,Delhi,1
27,1818.78,Mumbai,1
63,9494.96,Mumbai,0
23,82907.42,Pune,1
22,76774.73,Bangalore,1
63,58272.0,Pune,0
41,44733.52,Bangalore,1
71,33247.57,Delhi,1
69,10904.93,Delhi,1
73,13669.02,Mumbai,1
30,27796.45,Pune,0
49,120848.24,Delhi,0
77,57575.78,Bangalore,0
27,52787.38,Bangalore,0
69,48280.46,Pune,1
31,66750.95,Pune,1
36,4866.6,Bangalore,1
46,3830.56,Delhi,1
48,97380.01,Delhi,0
70,112155.3,Pune,0
70,30827.51,Mumbai,1
58,11433.71,Pune,1
45,59636.77,Bangalore,1
35,32909.14,Pune,0
34,56374.69,Bangalore,0
64,50928.52,Bangalore,1
40,53806.47,Mumbai,1
44,151080.7,Bangalore,0
36,183357.9,Delhi,0
78,16980.01,Pune,0
43,303.44,Mumbai,0
44,50568.87,Mumbai,1
72,18485.38,Pune,0
69,11788.23,Mumbai,0
25,15439.9,Mumbai,1
18,10741.65,Bangalore,1
71,15835.93,Pune,0
62,70034.12,Pune,1
75,25871.52,Delhi,0
42,32657.05,Delhi,0
31,42324.38,Pune,1
48,93364.2,Mumbai,0
28,284353.15,Pune,0
30,200247.45,Delhi,0
62,26149.82,Pune,0
75,88918.82,Delhi,0
35,113471.21,Mumbai,1
30,299264.37,Delhi,0
72,54409.96,Delhi,0
52,46514.05,Mumbai,0
59,32632.25,Delhi,0
55,49013.47,Pune,1
62,22374.86,Delhi,0
71,16884.64,Delhi,1
23,78033.51,Mumbai,0
46,3642.3,Pune,0
68,2868.84,Bangalore,1
69,67331.46,Pune,0
70,39187.82,Delhi,0
50,50463.63,Delhi,1
33,22703.42,Delhi,1
77,3653.38,Delhi,0
76,38569.65,Delhi,1
62,10470.15,Mumbai,1
45,36882.55,Bangalore,0
74,23379.46,Bangalore,1
37,104781.79,Delhi,0
76,58041.41,Pune,0
63,19009.64,Bangalore,0
67,7558.36,Delhi,1
62,38930.88,Delhi,0
25,12396.18,Pune,1
24,2293.49,Delhi,1
25,31890.15,Pune,1
77,58201.25,Mumbai,0
56,12803.46,Bangalore,1
74,121627.1,Bangalore,0
34,47103.73,Delhi,0
50,46613.28,Pune,0
41,6777.57,Bangalore,0
62,12292.11,Bangalore,1
28,15399.38,Bangalore,1
66,1283.59,Mumbai,1
65,46083.32,Pune,0
59,4635.12,Delhi,0
70,20989.97,Bangalore,0
79,52568.56,Bangalore,0
26,54814.56,Bangalore,1
69,73305.47,Pune,1
50,24796.71,Delhi,0
69,35986.75,Delhi,0
42,149966.76,Mumbai,0
22,109848.43,Mumbai,1
66,1693.39,Delhi,0
27,9342.24,Pune,1
46,19033.41,Mumbai,0
62,100931.52,Bangalore,0
63,25107.86,Bangalore,0
20,39834.62,Pune,1
53,23162.08,Bangalore,0
23,32936.81,Delhi,1
78,19690.76,Pune,1
50,72337.11,Pune,0
44,23966.5,Bangalore,0
42,12035.04,Pune,0
79,60845.45,Mumbai,0
63,13218.38,Pune,0
43,52575.37,Delhi,0
63,93910.86,Bangalore,0
29,73302.5,Delhi,1
42,11644.5,Delhi,1
66,88995.68,Mumbai,0
68,33931.78,Mumbai,1
34,11768.59,Delhi,1
48,63417.46,Bangalore,1
53,171215.85,Pune,0
71,156259.58,Bangalore,0
58,47573.03,Bangalore,1
50,53180.55,Bangalore,0
30,94385.71,Pune,0
48,63828.84,Pune,0
20,90580.27,Pune,0
58,14788.54,Bangalore,1
79,22645.76,Bangalore,0
54,184753.28,Bangalore,0
68,7409.01,Mumbai,1
42,85708.98,Pune,0
25,133892.96,Mumbai,0
41,2380.17,Delhi,1
70,7860.44,Delhi,0
57,7816.22,Delhi,1
34,47273.9,Pune,1
65,42293.23,Delhi,0
33,82838.32,Delhi,0
33,88937.75,Pune,1
65,98314.34,Delhi,1
37,90923.33,Bangalore,0
64,5114.21,Delhi,1
79,3711.31,Delhi,0
70,37018.62,Mumbai,0
67,9240.49,Pune,1
26,32160.44,Bangalore,0
51,35798.62,Delhi,0
64,88992.94,Bangalore,1
72,23043.24,Pune,0
47,4389.28,Pune,0
31,156289.42,Mumbai,0
38,3377.97,Bangalore,1
44,14661.59,Mumbai,1
63,84469.67,Mumbai,0
27,26366.61,Mumbai,0
70,108790.7,Bangalore,0
78,12263.84,Mumbai,0
37,38701.11,Mumbai,0
73,16666.18,Pune,0
27,1968.98,Mumbai,1
29,138482.83,Bangalore,0
79,28385.76,Pune,1
54,43229.84,Mumbai,0
74,5337.17,Pune,0
48,23883.03,Pune,0
35,82899.1,Delhi,0
33,119650.39,Bangalore,0
68,13583.24,Mumbai,1
23,53180.5,Mumbai,1
23,10983.59,Bangalore,1
55,63565.29,Bangalore,0
74,4649.96,Bangalore,0
32,27254.5,Bangalore,0
66,12007.5,Pune,0
60,135877.43,Bangalore,0
30,901.24,Pune,0
61,27012.3,Delhi,0
36,87677.38,Mumbai,0
49,9841.36,Pune,1
54,14347.14,Delhi,0
28,22144.72,Bangalore,1
40,60541.79,Mumbai,1
61,147175.07,Bangalore,0
63,185877.78,Pune,0
30,17608.38,Mumbai,1
54,7342.3,Mumbai,1
25,20136.77,Pune,1
30,15883.4,Bangalore,1
75,23986.15,Mumbai,0
55,219830.46,Bangalore,0
75,106441.23,Pune,0
18,11042.27,Delhi,1
25,12026.0,Mumbai,1
24,18911.89,Bangalore,0
38,95526.8,Bangalore,0
27,81608.91,Bangalore,0
45,124561.82,Pune,0
39,36891.46,Delhi,1
60,57960.33,Pune,1
18,11487.86,Delhi,1
45,13927.97,Mumbai,1
75,36312.39,Bangalore,0
70,40679.59,Mumbai,0
32,74848.54,Bangalore,1
30,66158.18,Delhi,0
34,106905.14,Mumbai,0
73,13136.1,Delhi,1
41,54635.26,Bangalore,1
26,527.3,Pune,1
76,131509.19,Pune,0
67,48021.22,Delhi,0
39,7422.1,Pune,1
57,11886.94,Bangalore,0
44,71526.7,Pune,0
19,9859.57,Delhi,1
36,8323.47,Mumbai,1
44,17328.67,Pune,1
78,36104.17,Bangalore,0
49,114460.17,Mumbai,0
40,16981.7,Bangalore,0
26,24900.63,Mumbai,1
23,26624.52,Pune,0
55,19667.9,Delhi,1
58,38921.59,Bangalore,1
56,76134.98,Bangalore,0
62,5279.82,Bangalore,0
27,62036.54,Bangalore,1
41,114255.15,Pune,0
50,22109.3,Mumbai,1
31,133668.46,Bangalore,1
59,198404.45,Pune,0
43,15836.08,Pune,1
71,61326.37,Delhi,0
45,29848.56,Delhi,0
34,95051.11,Mumbai,1
79,12333.94,Delhi,0
79,54009.8,Pune,0
71,50308.03,Bangalore,0
49,12383.17,Bangalore,0
56,44640.39,Bangalore,0
30,11774.9,Pune,1
30,23532.51,Pune,1
68,28865.4,Bangalore,0
60,14871.4,Bangalore,1
48,20457.32,Delhi,1
65,67574.2,Pune,0
29,39171.33,Delhi,0
22,103903.49,Delhi,1
49,74647.2,Mumbai,1
41,89048.22,Pune,0
32,1284.2,Pune,1
38,179991.26,Bangalore,0
32,160729.73,Delhi,0
53,33254.04,Delhi,1
45,14039.24,Mumbai,1
58,26606.87,Delhi,1
19,34341.82,Delhi,1
29,3987.51,Mumbai,1
40,176063.76,Pune,0
47,109775.89,Bangalore,1
68,41566.51,Mumbai,1
79,45521.9,Pune,0
20,8990.82,Delhi,1
18,23661.78,Bangalore,1
69,10644.38,Mumbai,0
41,10213.06,Delhi,0
74,59128.38,Delhi,0
38,48248.32,Pune,0
68,14178.69,Delhi,0
43,5361.48,Mumbai,0
22,97750.32,Bangalore,1
71,2079.31,Mumbai,0
28,35967.94,Pune,1
45,28858.82,Bangalore,1
33,13533.3,Bangalore,0
72,66034.0,Pune,1
40,16763.91,Delhi,1
53,20904.11,Delhi,1
20,44099.78,Mumbai,0
44,9499.16,Delhi,1
28,67210.12,Mumbai,0
33,244545.23,Delhi,0
26,17079.14,Pune,1
69,24217.96,Mumbai,1
73,36689.22,Delhi,0
57,21477.62,Mumbai,0
49,298.79,Bangalore,1
31,7879.0,Pune,1
52,24983.01,Pune,0
26,24190.32,Delhi,0
46,50472.73,Bangalore,1
25,72484.38,Mumbai,1
27,4598.47,Bangalore,1
74,39474.76,Pune,1
46,186.03,Mumbai,0
43,25824.93,Mumbai,1
44,45161.48,Mumbai,1
68,106175.39,Delhi,0
47,80702.01,Bangalore,0
73,103915.28,Delhi,0
35,67236.55,Delhi,1
32,21424.28,Pune,0
30,129088.65,Bangalore,0
20,8365.53,Mumbai,1
18,27484.53,Bangalore,1
29,55541.51,Pune,1
37,9196.12,Pune,1
65,12255.07,Pune,0
40,19570.13,Bangalore,1
18,120364.71,Bangalore,0
42,107842.83,Pune,0
52,13038.31,Mumbai,1
18,43567.58,Pune,0
29,4332.59,Mumbai,1
77,38127.44,Delhi,0
65,865.36,Pune,1
59,37077.81,Delhi,1
47,86043.72,Mumbai,0
31,4205.51,Bangalore,1
52,137.34,Pune,1
65,16649.16,Mumbai,0
36,2352.26,Mumbai,1
45,61916.4,Pune,1
46,51675.79,Bangalore,0
59,167899.24,Delhi,0
20,17663.5,Bangalore,0
57,35203.79,Delhi,0
68,6014.14,Delhi,1
21,25187.4,Delhi,1
74,6964.7,Delhi,0
55,31570.59,Pune,0
64,108826.74,Delhi,1
38,45597.13,Delhi,1
48,4278.94,Bangalore,0
63,68698.15,Mumbai,0
70,43343.53,Pune,0
55,14382.97,Delhi,0
18,8385.88,Bangalore,1
51,2975.7,Mumbai,1
59,67417.64,Bangalore,0
35,39002.93,Bangalore,0
65,6684.72,Mumbai,1
66,34573.25,Pune,0
38,43174.79,Pune,0
35,79700.16,Pune,0
71,133309.71,Bangalore,0
60,49017.6,Mumbai,1
18,101418.65,Pune,1
34,180.04,Pune,1
57,41656.2,Pune,1
56,28131.13,Bangalore,0
36,21295.16,Pune,0
73,29036.65,Pune,1
56,73955.5,Mumbai,1
38,130680.45,Mumbai,0
33,62407.28,Mumbai,0
41,6486.33,Pune,0
31,23619.65,Delhi,1
41,33477.34,Delhi,1
56,62709.52,Delhi,0
66,7269.25,Bangalore,1
48,6092.1,Mumbai,0
46,25929.88,Mumbai,0
29,67329.88,Delhi,0
49,29789.99,Mumbai,1
72,189967.94,Bangalore,0
59,95384.4,Pune,1
72,22678.45,Pune,1
50,16666.42,Delhi,1
52,74566.47,Bangalore,0
24,20931.06,Mumbai,1
61,49425.67,Delhi,0
73,28519.34,Mumbai,1
45,21865.5,Delhi,1
53,34038.41,Delhi,0
67,27745.87,Mumbai,0
39,15270.54,Pune,1
69,101795.79,Mumbai,0
39,36065.65,Pune,0
65,166915.56,Mumbai,0
66,29077.08,Pune,1
33,95034.3,Delhi,0
60,11961.31,Mumbai,1
19,49169.29,Delhi,1
64,19079.8,Pune,0
58,19437.1,Delhi,0
20,102951.42,Delhi,0
43,48030.1,Mumbai,0
71,5555.58,Mumbai,1
73,32361.11,Mumbai,0
40,84273.8,Mumbai,0
71,72503.03,Delhi,1
72,44289.59,Bangalore,0
51,9992.63,Delhi,1
26,40254.59,Delhi,1
41,83880.72,Bangalore,1
59,8759.86,Mumbai,1
62,96592.59,Bangalore,1
79,111363.12,Bangalore,0
61,271876.82,Mumbai,0
58,12376.29,Bangalore,1
60,106438.52,Bangalore,0
64,82714.7,Bangalore,1
70,121224.79,Mumbai,0
79,51157.85,Delhi,1
53,39619.84,Pune,0
32,47151.86,Delhi,1
49,5761.02,Mumbai,1
72,5589.73,Bangalore,1
50,114867.51,Pune,0
78,33689.36,Bangalore,0
73,100756.55,Bangalore,0
70,31382.33,Pune,0
40,451.02,Mumbai,1
71,34454.95,Mumbai,0
70,15122.34,Delhi,1
44,62011.98,Delhi,1
49,23302.41,Pune,0
57,14871.24,Bangalore,0
23,27494.75,Mumbai,1
18,39080.46,Mumbai,1
45,112361.12,Mumbai,1
55,19144.82,Mumbai,0
36,34703.98,Bangalore,0
72,50110.84,Pune,0
50,41615.49,Mumbai,1
19,1498.49,Bangalore,1
70,63357.88,Bangalore,0
48,26575.03,Mumbai,0
29,40549.23,Bangalore,1
54,163167.66,Mumbai,0
47,53006.15,Bangalore,1
21,241062.59,Mumbai,0
54,43092.36,Delhi,0
60,10606.35,Mumbai,0
65,20505.33,Bangalore,0
32,38796.97,Delhi,1
76,45361.12,Pune,0
69,208603.05,Mumbai,0
52,48134.29,Bangalore,0
43,10576.12,Bangalore,1
75,6594.89,Bangalore,1
45,38152.17,Pune,1
38,29777.75,Mumbai,1
48,148574.57,Delhi,0
65,40270.67,Bangalore,0
55,7038.47,Mumbai,1
65,3931.95,Delhi,1
41,50353.2,Pune,1
52,26084.48,Bangalore,0
39,38723.55,Pune,0
28,379942.08,Mumbai,0
45,46307.23,Mumbai,0
41,3944.09,Mumbai,1
72,73817.18,Mumbai,0
36,39283.8,Pune,0
76,156312.72,Delhi,0
77,33036.8,Mumbai,0
27,48892.67,Mumbai,1
57,9733.96,Bangalore,0
62,15552.94,Mumbai,0
74,22646.12,Pune,1
78,26367.08,Bangalore,0
36,46784.24,Mumbai,0
53,81242.42,Bangalore,0
44,127441.41,Pune,0
50,45411.4,Pune,0
53,23808.78,Delhi,1
57,4874.95,Pune,1
39,81311.57,Delhi,0
34,42518.83,Bangalore,1
46,46486.85,Mumbai,1
76,32941.81,Pune,1
55,26994.24,Pune,1
65,94975.88,Bangalore,1
19,27514.11,Pune,1
24,43425.34,Delhi,0
39,75538.6,Pune,1
18,10104.04,Mumbai,1
18,91404.56,Delhi,0
54,17659.79,Mumbai,0
47,15939.33,Bangalore,0
46,35636.01,Bangalore,1
55,48251.52,Pune,1
68,70556.61,Bangalore,0
23,83927.81,Delhi,1
64,15873.22,Bangalore,0
33,27401.13,Pune,0
61,94056.96,Mumbai,1
67,36122.66,Bangalore,0
79,109787.41,Pune,0
70,27308.9,Pune,0
59,121139.75,Mumbai,0
42,99014.47,Pune,1
36,17520.31,Bangalore,1
68,59875.92,Pune,0
29,16500.31,Pune,1
35,105755.28,Pune,0
34,6699.22,Pune,1
61,28750.62,Delhi,1
79,27733.24,Delhi,0
51,20376.99,Mumbai,1
72,28676.68,Bangalore,1
45,73398.07,Mumbai,0
72,14463.97,Delhi,0
58,5539.42,Delhi,1
67,64838.29,Pune,1
18,1413.05,Pune,1
72,205947.48,Mumbai,0
28,42778.58,Bangalore,0
39,10856.38,Mumbai,0
36,13465.01,Bangalore,0
70,26421.44,Mumbai,0
60,112862.65,Mumbai,0
28,3362.89,Delhi,1
61,21029.26,Delhi,0
35,154979.8,Pune,0
60,11095.05,Mumbai,1
51,60494.77,Bangalore,0
65,93874.77,Bangalore,0
73,105430.98,Delhi,0
22,73584.19,Bangalore,1
58,13146.34,Bangalore,0
24,19396.69,Mumbai,0
75,41723.05,Mumbai,1
71,107565.6,Delhi,0
76,19701.78,Pune,0
40,8706.84,Pune,1
55,168940.82,Pune,1
53,42974.37,Bangalore,1
22,24615.93,Delhi,1
49,231394.48,Bangalore,0
50,25770.32,Bangalore,1
56,118285.08,Mumbai,0
34,88628.9,Delhi,1
22,71286.41,Bangalore,0
19,37007.03,Pune,1
65,51741.57,Delhi,1
62,75149.17,Bangalore,0
25,85131.84,Delhi,0
74,11112.16,Delhi,0
60,171229.74,Bangalore,0
30,52899.05,Delhi,0
42,14422.15,Delhi,1
77,7664.32,Pune,1
48,63928.79,Delhi,0
18,24131.47,Mumbai,1
59,71488.42,Delhi,0
77,55249.53,Delhi,0
41,10876.85,Mumbai,1
70,4415.55,Delhi,1
20,47822.57,Bangalore,0
22,13994.35,Delhi,1
77,44406.53,Delhi,0
38,8176.06,Pune,0
50,8538.05,Bangalore,1
33,52177.26,Mumbai,0
64,61435.99,Pune,0
41,138447.35,Bangalore,0
50,151108.44,Delhi,0
75,9632.7,Bangalore,0
68,19686.38,Delhi,1
78,73228.11,Bangalore,1
53,49593.05,Bangalore,1
19,60643.72,Delhi,0
25,145308.78,Pune,0
35,77048.91,Mumbai,0
57,48145.03,Mumbai,0
75,10719.08,Mumbai,0
28,25704.0,Pune,1
24,51390.03,Pune,1
69,50929.35,Bangalore,1
54,46453.37,Bangalore,0
60,56245.82,Delhi,0
38,11766.95,Delhi,1
76,120513.33,Delhi,0
56,2778.3,Delhi,0
57,1583.52,Mumbai,0
69,187029.62,Pune,0
31,88486.17,Mumbai,1
60,8581.65,Bangalore,0
52,4910.31,Delhi,1
49,53044.01,Mumbai,0
65,52109.77,Bangalore,1
35,64627.9,Pune,1
62,71244.62,Bangalore,0
67,15991.06,Delhi,0
39,12020.34,Mumbai,0
32,5296.21,Mumbai,1
58,20941.74,Bangalore,0
33,27066.17,Bangalore,1
75,118793.12,Mumbai,0
23,77963.43,Delhi,1
60,39477.9,Pune,1
45,97478.32,Mumbai,0
40,36037.16,Pune,0
52,15812.99,Mumbai,1
74,75400.99,Delhi,0
27,24145.89,Bangalore,1
69,22245.44,Delhi,0
43,7378.96,Pune,1
71,48895.91,Mumbai,0
64,24594.18,Bangalore,0
24,87115.51,Mumbai,1
31,12644.81,Bangalore,0
36,23237.68,Mumbai,1
23,34158.1,Delhi,1
66,59583.0,Mumbai,1
50,54793.05,Mumbai,0
35,1435.49,Mumbai,1
64,15043.82,Pune,1
22,87098.88,Pune,1
20,18078.43,Mumbai,1
60,30329.32,Delhi,0
64,11517.97,Pune,1
67,98103.6,Mumbai,0
54,86530.93,Mumbai,0
57,4934.77,Pune,1
29,29647.85,Mumbai,1
39,26079.32,Bangalore,0
26,61609.66,Bangalore,1
52,5396.68,Mumbai,1
60,50262.76,Pune,0
19,10521.64,Bangalore,1
28,4424.97,Bangalore,0
52,19061.93,Mumbai,0
53,16631.36,Bangalore,1
71,5826.69,Bangalore,0
63,50743.38,Delhi,0
22,9520.96,Bangalore,1
23,9090.0,Delhi,1
41,11365.53,Mumbai,0
22,449.89,Bangalore,1
28,6592.82,Pune,1
34,12294.3,Delhi,0
41,20912.09,Pune,1
64,44895.61,Pune,1
18,33959.41,Delhi,1
50,10228.47,Mumbai,1
69,49810.33,Delhi,0
66,18771.36,Pune,0
48,92859.17,Bangalore,0
38,46222.27,Mumbai,1
45,128458.87,Bangalore,0
52,67104.02,Bangalore,1
55,77249.33,Bangalore,0
77,4931.2,Bangalore,1
70,6844.55,Bangalore,0
63,13014.99,Bangalore,0
36,134214.62,Delhi,0
55,13776.46,Delhi,1
34,9731.67,Delhi,1
46,14426.38,Delhi,1
21,18728.46,Pune,0
34,24158.64,Mumbai,1
34,16005.38,Pune,1
58,27067.89,Pune,0
22,31417.44,Pune,1
35,9497.68,Delhi,1
20,63821.78,Pune,0
29,69257.7,Mumbai,1
52,21870.29,Mumbai,1
34,18516.45,Delhi,1
29,19320.19,Delhi,1
64,6373.57,Bangalore,1
22,42009.62,Mumbai,1
26,4986.25,Delhi,1
74,24204.23,Bangalore,0
78,25046.67,Bangalore,0
27,16693.58,Bangalore,1
68,43676.94,Pune,1
23,168802.49,Delhi,0
46,17960.62,Pune,1
78,32549.92,Delhi,0
47,25367.14,Mumbai,0
59,9723.24,Bangalore,0
74,32251.57,Pune,0
62,57145.24,Bangalore,0
19,39498.84,Pune,1
52,23541.42,Bangalore,0
25,52357.26,Delhi,1
22,2692.62,Mumbai,1
68,20393.03,Mumbai,0
70,10730.28,Mumbai,1
70,19406.97,Mumbai,0
43,60485.44,Delhi,1
44,5526.58,Pune,1
42,36110.21,Mumbai,1
70,24823.88,Delhi,0
26,55088.75,Mumbai,1
73,33003.55,Mumbai,1
25,54500.31,Delhi,1
37,395.63,Delhi,1
50,37756.26,Pune,1
18,23796.0,Delhi,1
53,29618.82,Mumbai,1
18,166919.04,Pune,0
50,19790.18,Pune,0
29,63142.01,Pune,0
56,12056.25,Pune,0
49,19518.53,Delhi,1
72,38692.79,Mumbai,0
50,130656.18,Delhi,0
49,96508.98,Delhi,0
40,2939.39,Pune,1
41,161300.08,Bangalore,0
57,124333.42,Mumbai,0
33,13479.49,Mumbai,1
32,27704.35,Mumbai,1
37,27764.65,Pune,1
51,163733.07,Pune,0
52,88638.38,Mumbai,1
46,537.11,Mumbai,1
67,20474.73,Bangalore,0
26,9341.26,Delhi,0
45,9589.16,Mumbai,1
61,15762.17,Pune,0
20,270948.58,Pune,0
28,9953.1,Mumbai,0
29,11146.28,Mumbai,1
71,6545.02,Pune,0
23,26422.2,Delhi,1
54,90775.16,Mumbai,0
38,26650.97,Mumbai,1
52,257359.12,Delhi,0
60,68243.96,Delhi,0
67,41256.05,Mumbai,0
54,3453.54,Delhi,0
58,129516.91,Mumbai,1
59,141055.71,Bangalore,0
31,5218.38,Bangalore,1
46,148182.91,Delhi,0
76,12748.06,Pune,1
24,9067.55,Mumbai,0
26,47928.76,Pune,1
36,29216.77,Delhi,0
49,26036.6,Bangalore,0
49,19670.77,Mumbai,1
61,37805.48,Mumbai,0
48,4035.05,Pune,1
33,22306.18,Bangalore,1
33,22926.86,Bangalore,0
59,50662.54,Pune,0
69,12207.77,Mumbai,1
79,51538.89,Pune,0
44,19485.16,Pune,0
65,6755.16,Pune,1
70,34198.0,Pune,1
55,50592.31,Delhi,1
34,117931.89,Pune,0
26,59258.43,Mumbai,1
76,35186.5,Mumbai,0
55,153363.9,Mumbai,0
24,57776.0,Bangalore,1
43,101171.21,Delhi,0
65,16012.17,Delhi,0
48,115794.57,Bangalore,1
19,74041.3,Mumbai,1
35,55234.6,Mumbai,1
32,50311.73,Pune,0
45,40735.54,Bangalore,1
71,7688.08,Mumbai,0
40,106891.15,Mumbai,1
39,34856.0,Bangalore,1
72,74706.13,Delhi,0
75,36984.0,Bangalore,0
19,35740.96,Bangalore,1
75,12563.41,Bangalore,0
34,93693.05,Bangalore,0
67,23564.22,Bangalore,0
29,12673.96,Bangalore,1
42,2634.21,Mumbai,0
45,5807.94,Bangalore,1
71,6225.91,Pune,1
78,156442.66,Delhi,0
46,629.0,Delhi,0
52,74067.91,Pune,0
25,68673.02,Mumbai,0
21,52080.6,Mumbai,1
70,22475.95,Pune,1
77,217442.62,Pune,0
68,17390.11,Delhi,1
31,42192.84,Delhi,1
26,19122.4,Mumbai,1
51,17412.55,Bangalore,0
71,120345.1,Pune,0
74,85123.98,Pune,1
50,35715.14,Bangalore,1
43,9143.23,Mumbai,0
64,10673.48,Bangalore,1
74,88802.76,Delhi,0
34,25291.32,Pune,0
52,32363.95,Bangalore,1
31,3789.62,Delhi,1
67,7835.31,Bangalore,1
70,24306.06,Delhi,0
34,64156.02,Pune,1
55,31662.28,Delhi,1
32,126389.64,Bangalore,1
27,36594.57,Delhi,1
20,224884.17,Mumbai,0
40,40189.22,Delhi,1
39,27640.66,Delhi,1
71,18199.12,Bangalore,0
62,79992.6,Delhi,0
47,15361.51,Mumbai,0
31,69510.98,Delhi,0
38,57905.39,Bangalore,1
25,1438.41,Pune,1
39,125088.05,Bangalore,0
44,69862.14,Mumbai,1
69,6537.48,Mumbai,0
73,64831.88,Delhi,0
46,21093.52,Pune,0
36,53149.59,Mumbai,1
76,1733.39,Delhi,0
75,20494.13,Bangalore,0
37,1699.32,Pune,1
70,19015.47,Mumbai,0
64,36355.84,Bangalore,1
42,179869.95,Bangalore,0
35,130726.75,Pune,0
23,82741.36,Mumbai,1
65,8537.74,Pune,0
45,37211.07,Mumbai,1
19,26367.52,Bangalore,1
26,29676.45,Bangalore,1
26,4799.95,Pune,1
68,60411.22,Pune,0
34,122633.04,Delhi,0
55,52478.66,Mumbai,0
71,55113.78,Mumbai,0
44,20199.61,Bangalore,0
37,31710.43,Pune,0
32,13573.34,Delhi,0
47,187251.06,Mumbai,0
68,11382.28,Bangalore,1
24,130581.33,Delhi,1
68,32168.99,Delhi,1
53,13146.65,Bangalore,0
72,16014.57,Mumbai,1
23,12636.1,Pune,1
79,42285.41,Pune,1
26,31344.55,Pune,0
39,38370.59,Mumbai,1
67,110013.91,Bangalore,0
53,74367.93,Delhi,0
33,28642.62,Delhi,1
73,43582.87,Bangalore,1
21,65469.02,Mumbai,1
50,126975.44,Delhi,0
55,154555.89,Mumbai,0
77,10408.22,Pune,0
27,53924.42,Delhi,1
28,2141.58,Pune,1
21,101858.03,Mumbai,1
24,33152.73,Delhi,1
69,25932.36,Delhi,0
50,44212.14,Delhi,1
42,94655.48,Bangalore,0
32,2282.18,Pune,1
71,60901.48,Bangalore,0
47,12020.56,Delhi,0
64,18559.71,Bangalore,0
47,67366.68,Pune,0
30,19058.7,Pune,1
28,15383.29,Mumbai,1
23,3938.37,Bangalore,1
19,3305.36,Delhi,1
28,133802.02,Bangalore,0
57,21044.01,Mumbai,1
48,42894.46,Pune,0
59,22693.49,Bangalore,1
40,110972.26,Pune,1
34,16771.99,Pune,1
69,52171.37,Bangalore,1
71,83150.36,Delhi,1
47,48758.04,Bangalore,1
72,30299.58,Delhi,0
52,18727.21,Bangalore,1
61,148831.22,Mumbai,0
42,11201.97,Bangalore,1
19,91459.19,Mumbai,1
64,8396.56,Pune,1
48,16922.88,Delhi,1
60,179903.13,Pune,0
39,67059.59,Bangalore,0
60,77482.99,Delhi,0
77,79849.88,Mumbai,0
65,23566.98,Delhi,0
69,98352.82,Mumbai,0
42,11233.56,Delhi,1
51,136792.05,Mumbai,0
25,19744.14,Delhi,1
75,34537.45,Delhi,0
68,14137.03,Bangalore,1
50,30621.48,Bangalore,0
39,43584.05,Bangalore,0
52,79479.43,Delhi,1
60,17413.78,Mumbai,0
78,14675.37,Bangalore,0
79,1780.82,Delhi,0
37,45799.66,Delhi,0
61,62959.11,Bangalore,0
77,10530.98,Bangalore,0
74,21067.16,Mumbai,1
56,19434.11,Pune,0
18,4030.68,Bangalore,1
20,14503.68,Bangalore,1
55,8046.08,Mumbai,0
24,93643.55,Pune,1
24,64525.84,Delhi,1
79,11085.91,Mumbai,0
72,14506.79,Bangalore,1
38,20377.08,Delhi,1
77,81651.55,Pune,0
52,4323.28,Pune,0
20,113989.69,Mumbai,1
58,19773.47,Mumbai,1
26,25818.37,Pune,1
39,35597.89,Delhi,0
69,3257.25,Pune,0
79,10433.72,Mumbai,0
60,20250.68,Bangalore,1
36,20264.54,Mumbai,1
78,21311.55,Delhi,0
18,19730.83,Mumbai,1
64,22250.72,Delhi,0
60,6126.05,Delhi,0
54,99915.24,Delhi,0
34,37658.12,Bangalore,1
51,6176.94,Mumbai,1
32,219924.33,Pune,0
18,40327.75,Delhi,1
63,19674.32,Pune,0
66,115935.55,Mumbai,0
32,153054.13,Bangalore,0
41,5058.99,Mumbai,0
75,65437.33,Mumbai,0
24,9890.52,Pune,1
74,48087.14,Mumbai,0
51,4510.5,Mumbai,1
50,4457.36,Mumbai,0
40,38934.83,Bangalore,1
51,53768.58,Bangalore,0
55,9748.93,Pune,0
19,33969.5,Delhi,1
19,15092.4,Pune,0
69,1630.04,Pune,1
28,77499.61,Mumbai,1
76,4223.39,Bangalore,1
51,6345.02,Pune,1
34,67423.47,Pune,0
55,44390.52,Mumbai,1
39,53699.29,Delhi,0
23,44048.36,Delhi,1
75,144339.93,Bangalore,0
57,52529.65,Mumbai,1
76,22150.42,Delhi,0
70,114177.31,Bangalore,0
37,111063.27,Delhi,1
35,15629.48,Pune,0
58,32781.89,Bangalore,1
50,18224.19,Bangalore,1
22,4046.91,Mumbai,0
74,21282.36,Delhi,0
51,45506.02,Mumbai,0
61,37225.01,Delhi,0
75,107964.4,Mumbai,0
30,24257.08,Pune,1
76,14486.83,Bangalore,0
77,99139.1,Mumbai,0
54,226727.93,Delhi,0
39,17269.53,Delhi,0
57,70839.91,Mumbai,0
69,23778.34,Mumbai,0
24,41280.71,Mumbai,1
46,29866.69,Mumbai,0
24,564.14,Pune,1
66,96603.65,Mumbai,0
51,159241.84,Delhi,0
75,88.57,Bangalore,1
48,31295.06,Mumbai,1
73,148192.18,Bangalore,0
67,79268.94,Delhi,0
67,9949.44,Delhi,0
63,99975.66,Pune,0
38,93954.36,Delhi,0
32,5536.18,Delhi,0
74,66752.74,Mumbai,0
73,24293.24,Delhi,1
27,58691.56,Bangalore,1
29,10438.58,Delhi,1
34,24384.13,Mumbai,0
21,54276.18,Delhi,1
58,19038.2,Bangalore,0
75,7051.37,Pune,0
64,21811.91,Pune,1
25,48654.6,Mumbai,0
21,50524.2,Pune,0
73,9970.35,Delhi,1
34,12252.93,Delhi,1
68,24992.66,Bangalore,0
40,17584.85,Pune,0
66,122341.54,Mumbai,0
70,6296.99,Delhi,1
72,385.06,Delhi,0
18,48149.8,Bangalore,1
36,12999.0,Bangalore,1
73,14151.93,Pune,1
54,19877.99,Bangalore,1
38,45154.43,Mumbai,0
74,84161.67,Bangalore,0
56,2241.1,Mumbai,1
19,79494.53,Pune,1
76,15726.38,Pune,0
68,150381.76,Bangalore,0
21,22994.15,Mumbai,0
78,63234.82,Mumbai,0
51,2061.16,Mumbai,1
77,15285.01,Bangalore,1
31,25742.47,Bangalore,1
25,31119.87,Pune,1
61,2247.44,Delhi,0
23,73704.62,Pune,1
68,21131.4,Mumbai,1
36,17269.86,Pune,1
33,139373.66,Bangalore,0
55,24333.49,Pune,0
71,98468.64,Delhi,0
67,31893.35,Pune,0
28,36083.82,Bangalore,0
65,6949.54,Delhi,1
47,7062.42,Bangalore,0
57,33472.24,Pune,1
26,65868.96,Pune,0
47,64174.86,Bangalore,0
37,26416.09,Delhi,0
33,35840.87,Delhi,1
41,118689.89,Delhi,0
23,22596.51,Delhi,0
61,39117.4,Pune,0
61,43200.16,Delhi,1
37,16777.3,Pune,0
59,53451.37,Mumbai,0
50,44493.67,Mumbai,1
55,29101.68,Pune,1
58,27928.71,Pune,1
59,20208.92,Pune,1
66,60598.14,Pune,0
55,13310.8,Bangalore,1
36,9713.53,Delhi,1
74,30948.1,Pune,0
21,275.86,Mumbai,1
56,65823.09,Bangalore,0
32,18464.34,Delhi,1
27,70941.12,Bangalore,0
51,116985.62,Pune,0
51,69013.94,Mumbai,0
72,22000.39,Pune,0
58,29637.2,Pune,1
58,14644.54,Mumbai,0
50,44448.66,Bangalore,1
55,48428.55,Mumbai,0
54,97552.99,Pune,0
19,2864.45,Bangalore,1
58,55115.05,Delhi,0
48,159961.16,Delhi,1
71,37630.14,Delhi,0
38,11436.43,Delhi,1
52,77401.05,Mumbai,0
39,38386.13,Mumbai,0
55,101316.8,Mumbai,0
77,76218.82,Delhi,0
37,14313.48,Delhi,1
28,6871.53,Mumbai,1
67,80776.81,Bangalore,0
23,26015.17,Mumbai,0
47,22454.36,Pune,1
36,14048.5,Pune,1
37,55162.42,Pune,1
57,10272.11,Pune,0
40,41360.23,Pune,0
34,25338.72,Pune,1
38,19507.83,Pune,1
61,48294.33,Mumbai,0
46,28256.04,Mumbai,0
61,31758.88,Pune,0
79,11966.25,Delhi,0
45,19029.07,Delhi,1
55,84142.66,Bangalore,0
69,13023.45,Delhi,0
41,8723.95,Pune,1
38,98561.98,Mumbai,0
46,10740.02,Bangalore,0
56,39971.89,Delhi,0
54,22879.33,Delhi,1
51,22212.22,Mumbai,0
29,72271.15,Mumbai,1
22,41422.11,Bangalore,1
48,176344.09,Bangalore,0
39,86691.89,Delhi,1
20,31552.5,Bangalore,1
52,116756.93,Bangalore,0
28,183103.72,Pune,0
78,12142.07,Delhi,1
65,70855.04,Bangalore,0
66,22708.56,Bangalore,1
62,64593.84,Bangalore,0
47,72311.65,Mumbai,1
37,28520.13,Bangalore,0
30,21628.54,Delhi,0
34,28020.97,Delhi,0
34,106017.65,Pune,0
61,77389.16,Bangalore,1
20,4852.44,Pune,1
79,13045.56,Bangalore,1
54,72942.21,Pune,0
41,9764.34,Delhi,1
44,12788.76,Bangalore,1
55,43346.41,Mumbai,0
58,40854.35,Bangalore,0
66,35094.19,Mumbai,1
50,104873.91,Bangalore,0
18,122686.75,Pune,0
43,101629.62,Delhi,1
66,53609.48,Delhi,0
39,16786.75,Bangalore,0
36,11034.26,Pune,1
20,4643.26,Pune,1
29,44819.12,Pune,1
78,43557.12,Delhi,1
67,9076.27,Bangalore,0
22,60220.88,Delhi,1
77,93516.28,Bangalore,0
19,40222.81,Delhi,1
53,46953.25,Delhi,0
31,17050.12,Mumbai,0
55,12317.02,Mumbai,1
26,20390.32,Bangalore,1
37,21840.56,Delhi,1
67,3253.12,Bangalore,0
77,32604.53,Bangalore,1
27,102.08,Bangalore,1
74,54796.93,Delhi,0
39,97597.29,Mumbai,1
21,6132.32,Pune,1
18,80203.0,Bangalore,0
59,11471.28,Bangalore,1
75,13929.44,Delhi,0
39,57456.51,Bangalore,1
37,52457.77,Mumbai,1
22,72583.37,Bangalore,0
70,26790.17,Delhi,0
46,23729.15,Bangalore,1
77,7568.64,Bangalore,0
68,46045.71,Delhi,1
63,31233.93,Delhi,1
62,131742.89,Pune,0
34,53992.45,Bangalore,0
71,116904.89,Delhi,0
48,7053.57,Pune,1
31,72268.63,Delhi,0
66,25924.99,Bangalore,1
18,91770.9,Bangalore,1
61,138947.3,Delhi,1
79,19773.1,Mumbai,1
69,162.14,Bangalore,1
63,28179.98,Pune,0
51,21555.57,Delhi,0
27,130527.58,Delhi,1
58,19860.8,Mumbai,0
38,65711.13,Mumbai,0
40,43319.76,Mumbai,0
78,58256.43,Delhi,0
29,86040.0,Mumbai,0
77,86110.56,Bangalore,0
61,111415.94,Bangalore,0
52,14513.21,Bangalore,0
18,5745.62,Bangalore,1
69,206379.34,Delhi,0
66,27447.59,Pune,0
21,141832.52,Mumbai,0
18,141237.0,Delhi,0
33,86170.51,Mumbai,0
56,110866.84,Pune,0
38,80260.27,Bangalore,1
54,11251.07,Bangalore,0
58,59391.54,Pune,1
24,9821.67,Bangalore,0
73,7847.07,Pune,0
54,63919.47,Bangalore,0
25,37830.0,Bangalore,1
64,50229.52,Mumbai,0
46,31946.45,Bangalore,1
51,11878.56,Bangalore,1
75,87154.96,Mumbai,0
59,12304.54,Mumbai,1
59,62819.81,Delhi,0
61,171396.64,Bangalore,0
65,73825.5,Delhi,0
30,7567.63,Mumbai,1
78,120630.15,Pune,0
75,16239.62,Delhi,1
62,4613.81,Delhi,0
38,7142.63,Bangalore,1
19,1710.81,Mumbai,1
54,15189.21,Bangalore,0
68,175267.48,Delhi,0
24,29779.76,Bangalore,1
64,3149.3,Delhi,1
79,38095.23,Pune,0
27,55553.67,Bangalore,1
58,6594.31,Mumbai,1
49,33370.27,Delhi,0
46,34477.86,Delhi,0
76,45942.86,Delhi,1
53,137403.39,Pune,1
22,30275.8,Mumbai,0
19,50271.76,Bangalore,1
35,6986.73,Delhi,1
32,16757.72,Pune,1
67,7882.02,Pune,0
78,49502.62,Bangalore,1
47,118802.23,Bangalore,0
23,22213.51,Pune,1
63,67278.36,Mumbai,0
26,32524.54,Bangalore,1
67,41045.36,Mumbai,0
53,11611.9,Delhi,0
40,68930.53,Bangalore,0
65,14351.26,Delhi,0
21,152966.48,Bangalore,0
70,38761.25,Pune,1
30,16016.08,Bangalore,1
71,4898.13,Delhi,0
46,44760.4,Pune,1
65,59708.28,Delhi,0
32,5569.29,Bangalore,1
39,28260.89,Bangalore,1
79,2147.61,Pune,1
54,139256.22,Mumbai,0
38,2987.47,Mumbai,0
68,14028.32,Bangalore,0
48,81692.64,Bangalore,0
26,18877.36,Mumbai,1
75,34141.79,Delhi,1
23,11322.2,Bangalore,0
54,64884.56,Delhi,0
46,2243.25,Pune,0
54,30519.4,Bangalore,0
37,72497.02,Mumbai,1
38,14227.32,Bangalore,1
18,32182.76,Delhi,1
78,42051.6,Mumbai,0
50,165009.1,Pune,0
71,12890.35,Pune,1
41,49068.8,Delhi,0
74,2982.94,Bangalore,1
72,128061.67,Pune,0
48,11799.38,Delhi,1
38,62351.0,Delhi,1
23,57021.01,Mumbai,0
59,18833.98,Pune,1
49,28096.98,Pune,1
53,1819.8,Mumbai,1
33,3001.93,Pune,1
36,1391.99,Mumbai,1
53,5095.71,Delhi,0
46,39937.54,Bangalore,0
56,42613.33,Delhi,0
40,168295.96,Bangalore,0
56,70066.93,Mumbai,0
32,101225.85,Pune,1
40,63122.81,Mumbai,0
23,52853.65,Bangalore,1
67,48591.85,Pune,0
21,1210.09,Mumbai,0
20,49671.38,Bangalore,0
31,110581.82,Pune,1
61,5072.69,Mumbai,1
23,4648.32,Bangalore,1
77,1532.84,Pune,0
27,30839.31,Mumbai,0
67,40672.01,Mumbai,1
25,75881.52,Bangalore,1
32,11827.27,Delhi,1
41,75776.33,Delhi,0
70,87149.98,Mumbai,0
32,18984.42,Delhi,0
59,199420.75,Bangalore,0
18,139725.72,Pune,1
33,37527.56,Bangalore,1
20,500.58,Pune,1
32,29293.02,Mumbai,1
79,313.77,Mumbai,0
56,81156.34,Pune,1
33,22607.12,Bangalore,1
64,44778.24,Mumbai,0
20,5037.43,Mumbai,1
30,26521.19,Pune,1
56,14959.29,Delhi,0
59,5428.07,Delhi,0
52,7002.86,Delhi,1
20,9698.0,Pune,1
42,10761.19,Bangalore,1
64,25133.49,Delhi,0
63,65460.86,Mumbai,0
23,27825.14,Pune,1
76,18651.49,Pune,1
57,7603.49,Bangalore,1
42,69543.83,Bangalore,0
76,33564.25,Pune,1
41,220901.8,Bangalore,0
38,169638.59,Delhi,0
49,88474.52,Mumbai,0
18,319.2,Pune,0
32,41801.13,Bangalore,1
43,12691.26,Delhi,1
28,25262.81,Mumbai,1
67,28880.6,Delhi,0
42,93769.23,Mumbai,0
51,27065.25,Mumbai,1
59,10718.28,Mumbai,0
23,2205.09,Delhi,0
18,24125.12,Mumbai,1
60,97628.7,Delhi,0
26,5062.19,Bangalore,0
74,115412.6,Delhi,0
68,5125.22,Delhi,1
25,44159.45,Delhi,0
38,44775.14,Bangalore,1
77,18169.74,Delhi,0
52,40476.67,Pune,1
32,2589.35,Bangalore,1
21,196044.94,Mumbai,0
24,5525.97,Mumbai,1
52,1679.45,Pune,1
69,20407.69,Mumbai,0
19,4615.7,Delhi,1
39,40430.63,Delhi,0
30,31358.21,Mumbai,0
61,4181.15,Bangalore,1
45,50221.3,Mumbai,0
30,36176.46,Mumbai,1
50,21173.74,Pune,1
67,59056.79,Delhi,1
25,89311.97,Mumbai,0
25,27972.02,Pune,1
46,80371.54,Pune,0
27,429914.65,Mumbai,0
66,21491.3,Bangalore,0
57,94396.82,Delhi,0
61,36228.71,Bangalore,0
44,7482.55,Bangalore,1
40,9275.86,Mumbai,0
32,34594.67,Mumbai,1
48,119575.8,Delhi,0
54,25312.0,Delhi,0
67,20684.96,Bangalore,0
71,11504.05,Delhi,0
34,80155.94,Pune,0
73,28921.58,Delhi,1
26,31272.23,Delhi,1
54,29676.27,Pune,1
78,12765.36,Pune,1
54,27083.77,Pune,0
72,129607.33,Pune,0
43,1870.21,Bangalore,0
72,167043.67,Pune,0
59,6626.26,Pune,0
47,56414.71,Bangalore,1
56,54365.81,Mumbai,0
20,23895.47,Mumbai,0
27,113125.95,Pune,0
64,227721.06,Mumbai,0
71,39499.71,Delhi,1
66,160541.75,Pune,0
45,13620.44,Pune,1
77,200663.44,Delhi,0
36,14664.85,Mumbai,1
20,34471.09,Mumbai,1
29,4915.72,Bangalore,1
68,39401.33,Delhi,0
23,28501.19,Pune,1
38,35825.71,Delhi,0
46,31351.56,Pune,1
59,39963.88,Bangalore,0
57,13654.61,Pune,0
73,16215.65,Mumbai,1
60,43591.94,Pune,0
33,21180.84,Pune,1
19,19580.87,Bangalore,1
79,2435.11,Bangalore,1
68,113424.96,Delhi,0
20,18535.6,Mumbai,1
21,3575.12,Pune,1
25,2756.29,Mumbai,1
19,46957.54,Bangalore,1
47,14345.14,Pune,1
48,83841.9,Delhi,0
62,55506.09,Pune,1
28,34657.77,Mumbai,0
75,78348.27,Mumbai,0
21,11175.71,Delhi,1
70,6514.29,Delhi,0
46,21178.08,Delhi,1
78,903.34,Delhi,1
26,30709.12,Pune,1
45,88493.55,Delhi,0
52,1162.31,Pune,0
43,88841.24,Mumbai,0
19,115559.81,Pune,1
54,100467.37,Mumbai,0
65,46307.52,Mumbai,0
60,17896.78,Mumbai,1
58,70092.01,Mumbai,0
73,146313.51,Pune,0
26,242510.08,Bangalore,0
54,21669.96,Mumbai,1
60,21617.61,Pune,0
74,18930.53,Delhi,1
78,5408.94,Mumbai,0
43,51200.76,Pune,1
19,132343.68,Mumbai,0
65,112440.75,Mumbai,0
71,118832.83,Pune,0
79,14820.34,Bangalore,0
62,41939.53,Pune,0
22,43737.01,Bangalore,1
77,40926.72,Mumbai,0
61,353.19,Delhi,0
77,11182.21,Mumbai,0
73,32396.57,Pune,0
63,9428.44,Bangalore,1
73,45729.1,Mumbai,1
50,42560.33,Pune,1
72,25836.19,Pune,0
67,100450.12,Delhi,0
35,12698.09,Bangalore,0
54,107953.13,Bangalore,0
43,18132.57,Delhi,1
35,61437.69,Pune,0
49,39078.79,Mumbai,0
71,28040.79,Delhi,0
78,96156.7,Delhi,0
30,90675.61,Delhi,1
34,33790.66,Mumbai,1
33,86431.06,Delhi,1
58,50355.69,Delhi,0
63,1767.15,Delhi,1
65,54490.96,Bangalore,0
65,15241.86,Mumbai,1
27,60602.91,Mumbai,0
38,9018.43,Mumbai,0
71,50169.48,Pune,0
20,40265.91,Delhi,0
49,119145.46,Pune,0
68,10062.97,Mumbai,1
77,12634.78,Bangalore,0
25,40025.61,Delhi,1
73,42980.86,Delhi,0
25,28575.31,Mumbai,0
76,78964.98,Mumbai,0
28,100885.07,Delhi,0
29,9517.65,Bangalore,1
35,43650.2,Bangalore,1
69,20753.18,Mumbai,0
49,106326.77,Delhi,0
71,962.04,Bangalore,1
20,37043.7,Pune,1
76,66454.27,Mumbai,0
62,47245.31,Pune,1
58,58357.7,Pune,1
40,129570.15,Bangalore,0
40,26352.07,Bangalore,1
44,9580.36,Mumbai,1
54,83589.9,Bangalore,1
65,32996.24,Delhi,1
27,188474.42,Bangalore,1
70,8953.62,Mumbai,0
79,8971.34,Delhi,0
59,226007.45,Mumbai,0
62,119879.13,Delhi,1
68,8380.84,Pune,0
39,9427.42,Bangalore,1
39,41582.18,Bangalore,1
74,13399.45,Mumbai,1
25,165491.88,Mumbai,0
62,7723.3,Bangalore,1
67,129966.57,Bangalore,0
38,80872.33,Mumbai,0
39,79105.34,Pune,1
75,21453.58,Delhi,0
30,44605.49,Mumbai,0
38,33393.18,Delhi,1
62,5231.06,Pune,1
37,86840.79,Bangalore,0
63,54190.26,Mumbai,0
19,57074.4,Delhi,1
40,104332.47,Pune,0
61,43987.97,Bangalore,0
74,6826.27,Bangalore,0
24,20133.8,Bangalore,0
51,186964.09,Mumbai,0
21,102433.36,Delhi,0
29,22313.1,Bangalore,1
58,19597.43,Bangalore,1
49,63862.94,Mumbai,0
78,56860.68,Mumbai,0
68,16452.21,Bangalore,1
21,7527.5,Delhi,1
70,41182.19,Bangalore,0
65,1412.41,Mumbai,0
32,74132.72,Delhi,0
32,76423.17,Delhi,0
71,57821.72,Bangalore,0
71,65390.06,Delhi,1
18,82591.49,Bangalore,1
18,16394.29,Pune,1
19,20265.86,Pune,1
30,99855.15,Delhi,1
79,2687.87,Bangalore,0
78,53704.26,Mumbai,0
70,87061.0,Delhi,0
53,13813.84,Pune,0
44,317.32,Bangalore,1
26,137563.14,Bangalore,0
58,64657.9,Delhi,1
18,85951.27,Mumbai,0
77,90999.75,Pune,1
43,33263.38,Delhi,0
50,65419.45,Mumbai,0
44,172173.34,Mumbai,0
76,59113.57,Mumbai,0
51,4553.58,Delhi,0
68,97154.42,Pune,0
60,21103.67,Pune,0
69,103618.63,Delhi,1
27,3415.39,Bangalore,0
38,4912.55,Pune,1
37,27630.26,Delhi,0
22,320779.84,Delhi,0
21,52951.33,Mumbai,0
39,46819.38,Pune,1
79,20086.09,Mumbai,0
63,27655.15,Delhi,0
44,2912.43,Pune,1
67,62340.09,Mumbai,0
60,172607.2,Mumbai,0
24,180987.52,Delhi,0
35,119963.46,Pune,0
53,35413.18,Delhi,0
26,50372.61,Mumbai,0
40,10246.45,Mumbai,1
29,78167.74,Bangalore,1
26,5810.45,Delhi,0
18,108202.04,Bangalore,0
42,6394.94,Delhi,1
60,107167.78,Pune,0
58,84966.02,Bangalore,0
79,132807.53,Delhi,0
25,29822.84,Delhi,1
23,185866.58,Bangalore,1
22,8294.43,Bangalore,1
28,15968.35,Pune,0
46,14843.82,Bangalore,0
67,25146.99,Bangalore,1
57,14013.5,Mumbai,0
57,39161.56,Pune,1
34,127533.6,Delhi,1
76,87827.2,Pune,1
78,34004.88,Pune,0
40,16401.24,Bangalore,0
53,90425.81,Mumbai,1
44,33217.55,Mumbai,0
37,18497.49,Bangalore,1
35,53549.22,Bangalore,0
75,8163.89,Mumbai,0
67,15705.43,Pune,0
70,154830.98,Pune,0
29,27731.08,Mumbai,1
43,52040.12,Pune,1
41,126024.53,Delhi,0
76,10812.39,Mumbai,0
58,20822.59,Mumbai,1
66,40799.09,Bangalore,1
74,8650.68,Pune,0
19,122976.67,Bangalore,0
68,89001.34,Mumbai,0
52,61907.37,Mumbai,1
23,16287.91,Mumbai,1
76,34032.25,Bangalore,0
71,190107.5,Bangalore,0
61,88686.07,Delhi,0
67,2514.31,Delhi,0
42,13083.91,Mumbai,1
47,51374.45,Mumbai,1
70,208015.0,Bangalore,0
52,61593.04,Bangalore,0
74,154627.4,Bangalore,0
45,19653.87,Delhi,1
35,54961.02,Pune,1
21,4733.69,Mumbai,1
78,62471.18,Pune,0
37,53922.27,Mumbai,0
26,108961.38,Bangalore,1
74,102463.85,Mumbai,0
40,52278.01,Delhi,1
55,129847.04,Mumbai,0
77,110941.56,Mumbai,0
24,141377.09,Delhi,0
78,21253.66,Bangalore,1
52,47351.81,Delhi,1
50,83992.82,Pune,0
56,95758.51,Delhi,0
53,27682.27,Bangalore,1
68,89181.69,Delhi,0
78,65456.22,Pune,1
54,71525.3,Pune,1
18,55878.73,Mumbai,1
30,58439.69,Mumbai,1
58,5073.82,Mumbai,1
78,26299.5,Delhi,0
27,15843.51,Delhi,1
36,104322.25,Bangalore,0
29,54260.97,Delhi,1
62,5616.7,Bangalore,1
69,31965.33,Delhi,0
60,9997.81,Delhi,1
73,59519.29,Pune,0
75,35526.01,Delhi,0
54,7315.08,Pune,1
65,6703.34,Delhi,1
25,188391.76,Bangalore,0
42,66145.14,Pune,0
31,39194.18,Bangalore,1
20,85431.96,Delhi,0
48,5796.25,Mumbai,0
58,41493.75,Delhi,1
63,36279.27,Bangalore,1
18,33832.91,Mumbai,1
36,24241.94,Bangalore,0
21,49461.52,Pune,1
40,815.97,Pune,0
19,143345.72,Bangalore,1
77,180644.7,Pune,0
53,1324.2,Delhi,0
30,34194.01,Mumbai,1
66,19332.8,Mumbai,1
54,40139.01,Bangalore,1
22,35721.8,Pune,1
60,72941.5,Bangalore,1
37,51206.21,Mumbai,0
25,28881.52,Mumbai,1
41,18448.82,Pune,1
18,116602.11,Mumbai,0
73,30790.38,Bangalore,0
22,55987.9,Bangalore,1
58,9988.73,Mumbai,0
61,57150.91,Mumbai,1
43,76471.92,Delhi,0
48,41390.72,Mumbai,1
75,51368.29,Pune,0
66,88204.91,Delhi,0
60,43399.4,Pune,0
56,179642.98,Pune,0
59,66688.39,Bangalore,1
35,36335.97,Bangalore,0
62,57766.19,Bangalore,0
25,1639.61,Delhi,1
51,50187.98,Delhi,0
46,59541.26,Pune,0
46,45663.36,Mumbai,1
55,9137.94,Delhi,1
78,24321.59,Bangalore,0
66,6082.64,Mumbai,0
53,115381.69,Mumbai,0
39,15932.39,Pune,0
43,597.2,Pune,1
69,11767.87,Mumbai,0
23,1487.85,Pune,0
71,12347.89,Pune,0
29,2125.67,Mumbai,1
46,92858.35,Bangalore,0
78,12746.79,Mumbai,0
77,21298.21,Delhi,0
77,43463.41,Mumbai,0
58,33128.25,Pune,0
18,8553.19,Bangalore,1
48,90243.53,Mumbai,1
22,100737.38,Mumbai,0
28,10188.1,Bangalore,1
60,6065.63,Delhi,0
75,16408.86,Delhi,1
31,14396.27,Mumbai,1
63,173.11,Mumbai,0
59,15604.24,Pune,1
57,53778.42,Mumbai,0
31,142933.02,Pune,1
75,9984.12,Pune,1
42,314400.41,Mumbai,0
49,59173.01,Bangalore,0
38,270277.77,Delhi,0
69,17407.06,Delhi,0
33,47223.22,Bangalore,0
32,26498.64,Bangalore,1
66,29447.96,Mumbai,0
77,38723.66,Delhi,1
36,53341.39,Bangalore,0
40,54810.68,Delhi,0
74,6471.0,Bangalore,0
18,67467.2,Delhi,1
29,42258.07,Delhi,1
46,28818.45,Mumbai,1
73,19404.08,Mumbai,0
18,1168.01,Pune,1
27,19137.86,Mumbai,1
22,11247.87,Delhi,1
36,739.2,Pune,1
29,26820.52,Pune,1
78,100153.64,Mumbai,0
48,32410.51,Delhi,1
20,42113.83,Mumbai,1
22,37072.08,Delhi,1
69,89899.54,Mumbai,0
62,49567.58,Bangalore,1
28,28852.2,Pune,1
77,79960.68,Delhi,0
50,15427.52,Pune,0
67,75268.73,Mumbai,0
77,10241.8,Bangalore,1
46,17581.3,Delhi,0
25,128317.6,Mumbai,0
75,63081.65,Pune,0
41,36230.42,Pune,1
48,45542.28,Bangalore,0
49,38406.56,Mumbai,1
44,92224.08,Pune,0
58,7926.36,Pune,0
52,68809.45,Delhi,1
38,59563.69,Pune,1
37,5314.19,Pune,1
33,12760.57,Pune,1
20,50946.81,Delhi,0
74,28177.27,Mumbai,0
57,60869.58,Delhi,0
18,25725.37,Mumbai,1
19,50402.77,Delhi,1
78,5162.66,Delhi,0
78,54564.59,Delhi,0
27,29752.78,Delhi,1
76,45067.7,Pune,0
32,18772.28,Delhi,1
76,21592.43,Mumbai,0
63,33643.68,Delhi,0
33,59999.52,Bangalore,0
64,47372.44,Bangalore,0
74,7793.46,Pune,0
49,127378.12,Mumbai,0
60,149181.27,Delhi,0
19,8051.0,Delhi,1
77,46480.56,Mumbai,1
31,21954.56,Mumbai,1
44,17279.91,Pune,0
30,1621.35,Bangalore,1
77,22538.73,Mumbai,0
73,91024.74,Delhi,1
26,4137.44,Bangalore,1
46,57767.45,Pune,0
20,20815.31,Pune,1
65,131.77,Bangalore,1
72,33176.15,Pune,1
74,4866.12,Mumbai,1
56,73455.36,Bangalore,1
42,112434.05,Bangalore,0
78,97881.68,Bangalore,0
75,20641.94,Mumbai,0
77,244920.61,Pune,0
60,4695.33,Delhi,1
50,49533.68,Bangalore,1
55,8598.29,Mumbai,0
38,13124.68,Bangalore,1
45,22368.15,Bangalore,0
42,23636.5,Delhi,0
45,71623.64,Mumbai,1
20,6558.84,Delhi,1
38,34702.4,Bangalore,1
18,18450.59,Pune,1
35,23608.92,Mumbai,1
48,81265.86,Mumbai,1
48,6937.8,Delhi,0
29,8037.26,Bangalore,1
43,43791.6,Pune,1
40,49851.62,Pune,0
34,18093.44,Mumbai,0
65,27773.46,Bangalore,0
22,21329.91,Bangalore,1
19,10456.45,Delhi,1
78,16964.81,Pune,1
55,96699.39,Mumbai,0
53,20012.05,Mumbai,0
51,3225.66,Pune,0
38,26393.0,Pune,1
38,68358.67,Mumbai,0
70,17946.39,Bangalore,0
40,29176.74,Pune,1
48,38892.44,Delhi,0
74,15418.3,Delhi,0
69,3636.13,Pune,0
35,40244.08,Delhi,1
28,172797.79,Bangalore,0
78,165512.82,Mumbai,1
27,99602.08,Bangalore,0
50,92585.51,Delhi,0
32,1025.5,Delhi,1
66,70343.36,Pune,0
71,79242.44,Pune,0
59,7634.53,Delhi,0
65,72296.01,Bangalore,0
49,286904.96,Delhi,0
38,32910.07,Delhi,0
18,181125.49,Delhi,1
75,26786.19,Bangalore,1
51,20979.48,Pune,1
71,2539.87,Mumbai,0
40,53715.17,Bangalore,1
42,4970.39,Pune,1
37,35708.2,Bangalore,1
55,113723.84,Mumbai,0
39,15002.37,Pune,1
79,573.53,Mumbai,0
42,49930.85,Mumbai,0
61,24466.07,Mumbai,0
36,66882.96,Mumbai,1
30,53562.75,Delhi,0
46,72983.47,Mumbai,0
55,44139.19,Delhi,0
61,12565.16,Bangalore,1
73,100895.43,Delhi,0
55,45600.95,Mumbai,1
51,23200.3,Mumbai,1
47,10036.39,Delhi,0
46,13395.05,Bangalore,0
20,8380.3,Delhi,1
64,1296.95,Delhi,1
78,36877.58,Mumbai,0
46,113787.47,Mumbai,1
39,58698.71,Mumbai,0
57,118072.39,Mumbai,0
46,2942.13,Delhi,1
18,42016.15,Pune,1
57,41208.02,Bangalore,0
65,9725.5,Mumbai,0
34,128384.75,Delhi,1
77,33703.5,Delhi,0
43,230038.83,Bangalore,0
70,52170.08,Delhi,0
63,13054.51,Delhi,0
68,229208.16,Delhi,0
55,67695.94,Mumbai,1
47,14874.68,Mumbai,0
57,2726.4,Pune,0
63,25848.51,Bangalore,1
70,138284.25,Pune,0
48,145918.48,Mumbai,0
66,8161.1,Bangalore,1
25,22039.6,Bangalore,0
36,36202.48,Mumbai,1
20,29011.75,Mumbai,1
46,70638.25,Mumbai,0
39,3728.7,Bangalore,0
66,10565.15,Pune,0
69,58577.25,Pune,0
38,61211.17,Bangalore,0
47,16590.59,Delhi,1
70,37200.4,Pune,1
24,119449.01,Mumbai,1
55,132254.65,Delhi,0
20,76700.74,Bangalore,0
18,24407.06,Mumbai,1
50,80929.08,Delhi,1
77,46297.9,Delhi,1
33,38222.96,Delhi,0
58,15419.58,Delhi,1
57,176330.49,Delhi,0
59,77085.55,Delhi,0
36,60204.99,Mumbai,1
54,201896.19,Pune,0
45,13985.64,Delhi,0
40,52405.43,Bangalore,1
26,7390.56,Bangalore,1
34,104540.97,Bangalore,1
43,10600.61,Mumbai,1
24,6676.43,Bangalore,1
53,22157.85,Delhi,0
46,18990.45,Mumbai,0
50,973.02,Mumbai,0
35,71908.57,Pune,1
24,86684.76,Mumbai,0
23,104115.51,Mumbai,1
71,5471.69,Delhi,0
25,9778.32,Mumbai,0
62,63405.04,Pune,1
72,187845.76,Pune,0
27,67424.25,Delhi,1
75,16863.98,Mumbai,0
24,3267.49,Mumbai,1
26,25028.84,Delhi,0
28,4221.35,Delhi,1
27,43973.09,Pune,1
43,41880.67,Pune,0
26,18187.07,Mumbai,1
33,93900.74,Pune,0
41,53167.52,Delhi,0
32,9332.2,Bangalore,0
24,17930.38,Delhi,1
56,108477.84,Mumbai,0
55,91892.55,Delhi,1
25,3707.13,Delhi,1
27,87084.44,Delhi,1
31,26378.74,Pune,1
52,3396.72,Bangalore,1
74,17956.43,Pune,1
44,121753.73,Bangalore,0
25,5356.37,Bangalore,1
19,13213.62,Pune,1
31,241.73,Pune,1
52,40852.99,Mumbai,1
74,18002.0,Bangalore,1
22,50555.55,Mumbai,1
66,12085.16,Pune,0
49,11210.77,Delhi,1
45,11096.84,Mumbai,0
38,66.78,Pune,1
78,26041.33,Pune,0
42,58648.69,Pune,1
38,160580.3,Delhi,0
45,39472.25,Delhi,1
54,132810.32,Mumbai,0
33,8758.96,Pune,1
30,80356.53,Mumbai,1
71,5519.56,Mumbai,0
46,20850.19,Delhi,0
45,20867.11,Delhi,0
33,14590.26,Delhi,1
77,180.48,Bangalore,0
62,39805.95,Pune,1
77,23596.79,Mumbai,0
29,65326.81,Pune,1
19,160323.16,Pune,1
72,835.79,Mumbai,1
69,89878.83,Bangalore,0
73,84482.11,Mumbai,1
35,28983.98,Delhi,1
65,132006.45,Pune,0
20,94765.27,Bangalore,1
72,46137.85,Mumbai,0
79,3579.27,Pune,0
36,12124.76,Bangalore,1
40,15671.5,Bangalore,1
21,34406.84,Delhi,0
49,2654.7,Bangalore,1
74,27957.0,Delhi,0
48,40271.55,Bangalore,1
53,41048.34,Bangalore,1
74,61420.23,Mumbai,0
20,8486.52,Pune,1
41,12911.87,Mumbai,1
66,20143.82,Delhi,1
58,32961.38,Mumbai,0
37,102482.45,Pune,0
50,40788.39,Mumbai,0
77,1486.07,Mumbai,1
71,3310.67,Bangalore,1
79,27917.61,Bangalore,1
22,76419.51,Delhi,0
55,3803.38,Pune,1
78,11062.87,Bangalore,1
74,149352.33,Delhi,0
55,29411.52,Bangalore,1
40,3658.12,Delhi,1
20,116797.06,Mumbai,0
35,139448.63,Pune,1
64,105284.57,Delhi,0
63,2863.71,Delhi,0
32,44112.86,Pune,1
52,1640.32,Mumbai,0
63,22167.38,Bangalore,1
19,51192.37,Pune,1
32,2009.97,Bangalore,1
39,19685.21,Pune,0
75,45769.95,Pune,1
18,386.34,Delhi,1
23,14071.64,Mumbai,1
37,85549.36,Pune,0
76,7793.57,Pune,0
46,47667.03,Mumbai,1
28,58253.29,Pune,1
40,25054.74,Mumbai,0
57,44.85,Mumbai,1
50,12182.57,Delhi,1
30,29039.08,Mumbai,1
19,21919.11,Pune,1
60,6256.07,Pune,1
76,40837.74,Delhi,0
65,136829.65,Pune,1
31,90921.25,Delhi,1
18,32858.81,Bangalore,1
23,104935.48,Delhi,0
64,58243.45,Pune,0
55,14531.68,Bangalore,1
50,33294.1,Delhi,1
59,109190.92,Delhi,0
49,38954.49,Mumbai,1
37,12106.57,Delhi,1
21,33664.71,Mumbai,0
74,9133.6,Mumbai,0
55,42839.31,Delhi,0
27,32954.83,Mumbai,1
59,10837.53,Mumbai,1
28,30640.43,Pune,1
75,59742.12,Pune,0
70,32101.43,Bangalore,0
25,59923.06,Delhi,0
45,56052.07,Bangalore,0
22,10464.95,Pune,1
52,5042.38,Pune,1
66,68259.56,Bangalore,0
65,38880.99,Pune,1
43,211460.33,Bangalore,0
47,156499.26,Bangalore,0
56,9657.95,Mumbai,1
73,113357.34,Delhi,0
21,19734.38,Mumbai,1
31,10228.17,Delhi,1
24,53632.76,Bangalore,1
48,31805.94,Pune,0
18,15388.7,Bangalore,1
28,18497.82,Pune,1
46,11497.99,Pune,1
32,9659.46,Delhi,1
44,21424.77,Pune,0
56,7338.52,Bangalore,1
65,31778.45,Pune,0
55,53903.51,Bangalore,1
67,38096.42,Delhi,1
41,83896.12,Bangalore,1
54,63899.61,Pune,1
18,56087.89,Delhi,1
74,66276.45,Delhi,0
45,36684.08,Bangalore,0
25,50147.66,Mumbai,1
34,52830.61,Bangalore,1
19,149425.81,Mumbai,1
79,112766.52,Delhi,0
58,81311.4,Mumbai,0
53,134635.66,Pune,0
44,9538.8,Mumbai,0
72,16165.62,Delhi,0
43,21450.12,Delhi,0
60,51420.65,Mumbai,0
61,2019.74,Delhi,0
23,32980.6,Mumbai,0
31,30712.83,Delhi,1
48,66113.34,Pune,1
51,100943.34,Delhi,1
76,42262.44,Mumbai,0
75,39328.75,Delhi,1
50,5587.6,Bangalore,0
37,86367.91,Pune,0
26,73031.03,Bangalore,0
55,8307.24,Bangalore,1
65,102867.18,Pune,0
56,21270.33,Mumbai,1
66,13188.76,Bangalore,1
73,39573.25,Bangalore,0
63,109163.66,Delhi,1
67,53425.87,Mumbai,0
58,63441.78,Mumbai,0
67,28589.86,Delhi,0
70,49559.88,Delhi,1
56,8909.62,Delhi,0
44,55003.36,Mumbai,0
57,104916.79,Bangalore,0
39,59076.94,Mumbai,1
20,12556.82,Mumbai,1
73,38350.33,Pune,0
51,44054.64,Bangalore,1
23,79474.21,Mumbai,0
30,41740.44,Bangalore,1
78,24942.25,Mumbai,0
67,13461.71,Delhi,0
29,23176.15,Pune,0
44,19809.11,Mumbai,1
38,232629.33,Mumbai,0
72,68071.38,Mumbai,0
67,55096.59,Mumbai,1
33,16652.19,Bangalore,1
25,56715.43,Mumbai,0
76,22180.37,Mumbai,1
41,6309.86,Bangalore,1
21,57531.71,Pune,1
58,52934.63,Mumbai,1
72,62565.86,Bangalore,0
38,110026.46,Pune,1
59,23607.46,Delhi,0
70,12621.39,Mumbai,0
59,16910.83,Delhi,1
36,26676.28,Delhi,0
65,62862.1,Pune,0
54,12089.62,Mumbai,1
28,31719.1,Delhi,1
39,16192.85,Pune,1
77,50698.59,Mumbai,1
24,34706.47,Pune,1
52,29520.88,Pune,0
35,14406.8,Bangalore,1
29,27848.25,Delhi,1
68,33635.52,Bangalore,0
36,113119.49,Delhi,0
37,16606.15,Bangalore,1
49,87382.92,Bangalore,1
39,104624.62,Mumbai,0
18,5445.15,Mumbai,0
73,55816.93,Pune,0
60,171120.02,Mumbai,0
74,29845.77,Bangalore,0
54,41861.48,Mumbai,0
53,29937.57,Bangalore,0
78,27502.23,Delhi,1
24,29972.63,Delhi,1
70,22949.84,Mumbai,1
34,86865.64,Delhi,0
65,56167.24,Bangalore,0
67,6349.02,Pune,0
30,32500.96,Mumbai,1
41,1097.93,Bangalore,1
42,55901.61,Delhi,1
75,99442.5,Mumbai,0
77,18836.38,Bangalore,0
41,118420.06,Bangalore,0
19,10987.36,Pune,1
79,32528.79,Bangalore,1
65,4307.31,Pune,1
58,26722.7,Mumbai,1
46,72013.38,Delhi,0
35,22708.78,Delhi,0
63,26642.23,Mumbai,1
51,11232.26,Delhi,1
68,23246.03,Pune,1
67,175241.18,Bangalore,0
59,41050.92,Bangalore,0
33,58765.02,Delhi,1
75,51183.06,Mumbai,0
36,49737.62,Delhi,1
74,83930.72,Delhi,0
43,133291.39,Pune,1
46,2606.46,Delhi,1
40,69489.79,Mumbai,1
57,7405.35,Delhi,1
76,79752.24,Delhi,0
20,38660.6,Bangalore,0
58,84270.71,Delhi,0
31,45981.3,Bangalore,1
54,63210.96,Pune,0
61,95012.0,Delhi,1
76,136346.52,Mumbai,0
49,22617.55,Bangalore,1
42,143334.53,Mumbai,0
69,118985.51,Delhi,1
60,11593.69,Pune,1
77,13076.61,Bangalore,1
28,83398.63,Pune,1
58,28065.49,Mumbai,0
69,29742.08,Bangalore,1
57,18119.63,Mumbai,0
38,30977.74,Mumbai,0
62,44064.73,Pune,0
47,61645.41,Mumbai,1
50,21380.79,Pune,1
19,86481.12,Delhi,1
44,27082.05,Mumbai,1
27,20045.17,Pune,1
63,28232.24,Bangalore,0
68,469.78,Mumbai,0
67,10583.52,Delhi,0
59,162024.04,Mumbai,0
28,26313.52,Mumbai,1
18,385.86,Pune,0
65,148368.62,Pune,0
65,24524.13,Delhi,0
49,40647.44,Mumbai,0
56,39614.82,Pune,1
44,99563.78,Delhi,1
76,32557.22,Mumbai,0
39,8536.77,Pune,0
75,88077.3,Bangalore,0
48,8038.82,Pune,0
44,2441.64,Bangalore,1
52,175128.51,Mumbai,0
24,34594.61,Pune,0
38,55519.49,Bangalore,0
44,26196.7,Delhi,1
40,31258.05,Pune,1
42,8183.09,Mumbai,1
54,7652.55,Mumbai,0
49,6821.23,Mumbai,1
71,82389.96,Bangalore,0
33,67713.27,Bangalore,1
66,5621.6,Pune,0
38,36044.66,Pune,1
20,34211.14,Bangalore,1
21,16373.39,Pune,1
60,52874.24,Bangalore,1
64,36564.47,Mumbai,1
71,41703.71,Pune,1
35,121328.75,Mumbai,0
29,62981.63,Delhi,1
60,52710.3,Delhi,0
42,59816.02,Pune,1
35,3823.03,Delhi,0
40,6910.21,Mumbai,1
70,162040.55,Mumbai,0
18,87680.06,Pune,1
32,23038.79,Bangalore,0
66,86197.73,Bangalore,0
25,33875.6,Delhi,1
19,7259.77,Bangalore,1
66,26769.01,Bangalore,1
64,21001.17,Bangalore,0
32,3282.01,Pune,1
51,27528.44,Mumbai,0
28,26354.51,Mumbai,0
62,109427.78,Pune,0
53,15199.28,Pune,1
67,7205.07,Pune,0
21,142759.52,Bangalore,0
44,13025.6,Mumbai,1
52,52603.75,Mumbai,1
22,9248.79,Delhi,1
19,25116.65,Mumbai,1
74,817.14,Bangalore,0
44,617.39,Mumbai,1
77,34461.92,Pune,0
43,12877.29,Mumbai,1
77,72747.41,Pune,0
23,48224.2,Bangalore,0
65,242833.89,Mumbai,0
23,27009.66,Bangalore,0
19,34064.52,Delhi,1
54,241076.41,Bangalore,0
40,24597.11,Delhi,1
18,100302.14,Bangalore,0
76,46750.56,Delhi,1
63,19421.75,Delhi,1
38,117285.97,Bangalore,0
40,50566.76,Mumbai,1
24,34143.24,Pune,0
34,73127.68,Mumbai,0
44,69993.89,Pune,0
76,49212.04,Delhi,1
73,8581.0,Bangalore,0
19,172784.75,Pune,1
48,13230.04,Bangalore,0
56,121636.07,Pune,0
35,20153.16,Delhi,1
19,13777.73,Mumbai,1
63,134615.98,Pune,0
41,7829.99,Delhi,0
26,1452.76,Bangalore,1
37,1825.77,Pune,1
47,130731.5,Pune,0
22,8907.23,Bangalore,1
51,49198.4,Bangalore,0
66,50450.96,Mumbai,1
48,50624.19,Delhi,1
53,132129.71,Mumbai,0
57,34188.69,Delhi,0
22,78307.3,Bangalore,0
23,24756.03,Mumbai,1
78,73630.31,Delhi,0
35,23681.99,Delhi,1
24,1867.3,Mumbai,1
44,128871.61,Mumbai,0
48,1613.58,Delhi,1
44,111514.4,Bangalore,0
19,10242.06,Delhi,1
53,30771.39,Bangalore,1
43,45381.02,Mumbai,0
70,75001.63,Pune,0
48,79068.7,Pune,0
75,215495.92,Mumbai,0
71,12421.89,Mumbai,0
34,66215.72,Delhi,0
60,23318.39,Delhi,1
38,98839.0,Bangalore,0
39,9065.05,Delhi,1
50,18939.67,Bangalore,1
29,6066.27,Pune,1
61,11803.93,Delhi,1
20,45896.28,Bangalore,1
44,11155.04,Bangalore,0
38,72227.97,Pune,1
35,3324.04,Pune,1
21,52544.96,Mumbai,1
20,8281.71,Bangalore,1
28,68496.49,Delhi,1
44,25241.36,Bangalore,1
58,66348.96,Bangalore,0
28,48508.01,Delhi,1
30,5602.79,Delhi,1
75,70440.04,Bangalore,0
41,20005.78,Delhi,1
24,99921.04,Bangalore,0
18,12820.19,Pune,1
70,7820.35,Pune,0
74,86961.04,Delhi,0
67,68406.51,Pune,0
70,12139.73,Delhi,0
49,87663.32,Pune,0
23,19785.4,Mumbai,1
23,32262.85,Pune,0
60,33483.09,Bangalore,0
68,141321.83,Pune,0
48,99517.24,Pune,0
59,12767.91,Bangalore,1
68,1656.18,Pune,0
71,21647.74,Bangalore,1
29,50344.65,Delhi,1
30,123401.6,Bangalore,0
29,22787.32,Pune,1
40,34058.52,Delhi,0
77,15993.69,Pune,0
63,337.2,Bangalore,1
30,49884.53,Delhi,1
76,58856.22,Pune,0
44,111242.77,Bangalore,1
66,60678.6,Mumbai,1
28,47469.5,Delhi,1
62,112638.9,Bangalore,0
38,206935.15,Delhi,0
50,31132.35,Mumbai,0
38,123757.42,Mumbai,0
72,57726.13,Bangalore,1
55,760.59,Bangalore,1
53,7773.1,Mumbai,1
50,25784.58,Pune,1
23,20454.89,Delhi,0
77,27597.07,Bangalore,0
77,10107.07,Bangalore,0
68,255427.5,Pune,0
58,14022.36,Pune,0
64,68838.36,Bangalore,0
30,118083.38,Bangalore,1
36,87430.88,Pune,0
37,38074.62,Delhi,1
36,30649.15,Pune,1
42,15555.17,Mumbai,1
46,33959.72,Mumbai,0
18,27807.86,Pune,1
36,124851.44,Delhi,1
45,63780.31,Delhi,0
29,616.56,Pune,0
76,24258.42,Mumbai,1
30,32761.62,Bangalore,1
77,35758.29,Pune,0
41,121481.93,Delhi,1
45,141736.35,Pune,0
38,3693.56,Delhi,1
73,109591.43,Pune,0
76,11274.19,Mumbai,1
44,21376.1,Pune,1
55,14917.77,Delhi,0
32,41950.62,Pune,1
71,75993.82,Bangalore,0
29,51743.61,Mumbai,1
24,73075.28,Mumbai,1
33,26368.45,Pune,1
20,9124.64,Delhi,1
26,48617.85,Mumbai,0
69,31060.37,Pune,0
41,23636.87,Bangalore,1
45,1219.82,Mumbai,1
42,20765.93,Mumbai,1
52,36111.71,Mumbai,1
42,73889.01,Bangalore,0
34,3744.95,Mumbai,1
20,9097.61,Pune,1
44,124828.13,Bangalore,0
27,12506.91,Delhi,0
26,34684.61,Bangalore,1
36,58049.33,Delhi,0
79,129706.82,Pune,0
53,20827.22,Pune,1
52,14441.71,Mumbai,1
27,75934.8,Bangalore,1
24,46692.05,Pune,1
19,40149.63,Pune,1
70,52848.65,Mumbai,1
69,60496.31,Pune,0
44,37951.5,Bangalore,0
61,1160.35,Delhi,0
57,4638.74,Pune,1
45,1820.93,Pune,0
27,5589.77,Mumbai,1
18,37076.23,Bangalore,1
42,61310.81,Bangalore,0
32,567.5,Mumbai,1
48,127631.85,Bangalore,0
30,87055.01,Bangalore,0
48,17960.34,Mumbai,1
50,207423.61,Bangalore,0
68,6825.2,Pune,0
73,16845.61,Delhi,1
48,6598.17,Pune,0
18,43380.72,Mumbai,1
36,29541.85,Pune,1
32,90837.85,Delhi,1
34,33539.92,Bangalore,0
63,5263.16,Pune,1
37,11357.31,Mumbai,1
52,46519.8,Pune,0
47,45017.94,Delhi,0
74,124663.2,Pune,0
34,10918.88,Delhi,1
53,28371.89,Delhi,1
19,15546.28,Mumbai,1
36,48858.94,Pune,1
30,66233.55,Bangalore,0
25,42904.51,Bangalore,1
53,94001.8,Mumbai,0
72,10143.78,Bangalore,1
34,85461.18,Delhi,1
35,39459.02,Pune,1
38,1498.17,Delhi,1
44,120245.78,Delhi,0
34,88428.12,Pune,1
67,121474.03,Pune,0
23,24847.82,Delhi,1
29,55001.03,Pune,1
29,1432.99,Bangalore,1
72,51270.68,Delhi,1
33,75678.04,Pune,0
47,13457.85,Bangalore,1
70,14063.07,Delhi,0
41,26653.09,Mumbai,0
31,25424.97,Pune,1
28,27635.16,Bangalore,0
69,52162.07,Delhi,0
42,3586.53,Bangalore,1
64,1636.87,Bangalore,1
26,41999.82,Pune,1
78,73229.84,Pune,0
20,19974.8,Bangalore,1
64,51385.15,Mumbai,1
53,3389.4,Mumbai,1
25,6334.84,Mumbai,1
56,24601.86,Pune,0
76,37930.09,Delhi,0
43,64895.07,Pune,0
70,169529.88,Delhi,0
63,13321.33,Bangalore,1
45,73622.2,Bangalore,0
23,9334.54,Pune,1
44,8227.18,Mumbai,0
37,70545.72,Pune,0
19,92918.58,Bangalore,0
68,22121.04,Bangalore,1
31,29706.95,Bangalore,0
76,11972.66,Delhi,0
62,62315.11,Delhi,0
66,131406.71,Mumbai,1
24,85777.74,Mumbai,1
29,36783.21,Mumbai,1
79,328.08,Pune,0
51,153386.47,Delhi,1
19,176133.42,Delhi,0
23,4079.66,Bangalore,1
79,40792.05,Bangalore,0
25,25076.57,Delhi,0
36,16417.88,Bangalore,1
25,17242.41,Bangalore,1
46,85440.95,Bangalore,0
54,74897.41,Delhi,1
51,71644.98,Mumbai,0
63,46479.2,Mumbai,0
35,10882.41,Mumbai,1
33,241456.94,Bangalore,0
31,107484.14,Pune,0
60,35340.39,Delhi,0
21,74775.7,Bangalore,0
47,18889.07,Delhi,0
69,65334.7,Delhi,0
32,544.45,Pune,0
78,6639.73,Mumbai,1
67,72219.77,Bangalore,0
25,41715.66,Delhi,1
59,16105.2,Bangalore,0
71,44077.21,Delhi,0
70,32753.91,Pune,0
62,109878.16,Pune,1
79,67206.22,Delhi,0
64,24930.74,Delhi,0
57,58817.94,Pune,1
42,99250.44,Delhi,0
55,42930.67,Delhi,0
21,79956.2,Mumbai,1
36,17457.76,Pune,1
60,130687.61,Bangalore,0
45,4040.14,Delhi,0
77,114925.78,Mumbai,1
49,117953.65,Pune,0
58,21216.95,Bangalore,0
41,35994.71,Delhi,1
32,19927.85,Bangalore,1
74,75754.66,Mumbai,1
51,11095.78,Pune,1
26,2927.71,Bangalore,1
25,44502.21,Bangalore,0
31,13957.61,Pune,1
62,73045.66,Mumbai,1
42,126082.72,Delhi,0
59,41613.19,Mumbai,1
39,23088.4,Mumbai,0
45,18277.58,Mumbai,1
23,10901.91,Delhi,1
18,35984.98,Pune,1
53,97071.08,Delhi,0
21,16164.37,Delhi,0
52,53131.81,Mumbai,1
60,324716.11,Pune,0
74,95192.24,Delhi,0
60,97185.04,Pune,0
37,2152.34,Delhi,1
53,104196.53,Bangalore,0
46,64619.83,Delhi,0
32,72005.12,Bangalore,0
71,52129.3,Delhi,0
59,29758.57,Mumbai,1
34,36074.98,Bangalore,1
24,86960.57,Delhi,1
44,35033.59,Bangalore,1
56,54413.9,Mumbai,1
53,77327.55,Delhi,0
53,46558.06,Delhi,0
51,5941.29,Mumbai,1
40,36632.52,Delhi,0
26,6554.09,Bangalore,1
31,14074.67,Mumbai,0
20,87324.32,Bangalore,0
62,82059.22,Mumbai,1
56,26540.84,Mumbai,0
29,19888.18,Bangalore,1
34,11764.79,Pune,1
27,32220.67,Pune,1
47,49734.1,Delhi,1
57,17562.65,Delhi,0
19,12098.37,Mumbai,1
58,34596.77,Delhi,0
25,30521.9,Mumbai,1
24,22292.96,Delhi,1
70,50316.01,Pune,0
34,10740.97,Bangalore,1
74,56117.81,Mumbai,0
24,5155.51,Bangalore,1
79,10593.02,Delhi,1
74,77382.31,Bangalore,0
24,29442.77,Mumbai,1
18,31532.97,Delhi,1
69,15322.7,Pune,0
39,6534.12,Delhi,1
33,63702.84,Bangalore,0
27,66422.74,Pune,0
29,54300.92,Bangalore,1
46,86642.25,Mumbai,0
66,174986.23,Bangalore,0
74,3784.38,Delhi,0
33,33232.47,Mumbai,1
61,28779.11,Pune,1
76,24137.31,Bangalore,0
40,72006.79,Bangalore,0
53,35301.95,Mumbai,1
29,125320.04,Delhi,1
71,277618.0,Bangalore,0
61,23408.93,Pune,1
59,176076.66,Delhi,0
51,9804.06,Pune,0
35,66973.16,Bangalore,0
62,81808.59,Bangalore,1
66,122273.13,Bangalore,0
20,68734.21,Mumbai,1
41,48446.04,Pune,1
28,30466.79,Pune,1
53,8122.64,Bangalore,1
37,14025.58,Mumbai,1
24,91732.54,Bangalore,0
46,14982.84,Delhi,0
26,4207.55,Mumbai,1
53,29763.84,Delhi,0
61,10234.21,Mumbai,0
52,201889.08,Pune,0
47,7876.5,Pune,0
51,3274.0,Delhi,1
54,171581.13,Pune,0
53,224446.29,Pune,0
31,29393.07,Pune,1
43,65211.99,Delhi,0
36,44779.24,Delhi,1
35,1110.99,Delhi,1
28,23846.71,Pune,0
50,21534.78,Mumbai,0
29,110125.72,Bangalore,1
25,4578.24,Delhi,1
79,13901.48,Bangalore,1
64,117647.23,Bangalore,0
18,47681.47,Bangalore,1
77,15154.69,Delhi,0
44,74115.37,Delhi,0
21,18648.24,Delhi,1
70,74094.26,Delhi,0
66,452.58,Pune,0
38,3594.73,Pune,1
31,94916.57,Bangalore,0
45,227829.56,Bangalore,0
38,61994.85,Delhi,1
36,24838.86,Bangalore,0
20,10346.8,Bangalore,0
66,96894.83,Delhi,0
78,49964.16,Mumbai,1
41,72354.8,Bangalore,1
52,31512.37,Delhi,1
45,78152.75,Bangalore,0
23,130356.15,Delhi,0
32,18445.02,Bangalore,1
37,35238.07,Pune,0
43,35014.53,Delhi,1
78,75350.05,Mumbai,0
57,2844.53,Mumbai,1
21,4729.64,Delhi,0
66,69474.56,Pune,1
74,64738.06,Mumbai,0
39,5901.06,Mumbai,0
35,1228.23,Pune,1
18,17145.53,Pune,0
22,170905.87,Bangalore,1
53,107099.97,Delhi,0
56,18142.13,Mumbai,1
33,1356.75,Bangalore,1
73,8924.49,Pune,0
64,40396.49,Pune,1
40,249208.69,Pune,0
56,26531.5,Pune,0
39,32345.91,Mumbai,1
21,38312.57,Delhi,1
34,14663.77,Pune,0
53,35873.08,Pune,0
37,63440.14,Mumbai,0
47,19870.8,Mumbai,1
22,29344.89,Bangalore,1
72,7464.44,Pune,1
49,151308.28,Pune,0
71,1178.3,Delhi,0
39,26485.24,Delhi,0
57,38676.79,Delhi,1
28,39890.3,Delhi,1
72,24508.08,Bangalore,0
62,25016.01,Mumbai,0
75,17890.11,Mumbai,0
73,38127.27,Delhi,0
35,8686.78,Delhi,1
68,21554.98,Delhi,1
35,5774.46,Pune,1
26,4582.02,Mumbai,0
45,13335.95,Pune,1
74,44105.72,Delhi,1
70,36894.98,Mumbai,1
43,46722.41,Pune,0
70,2090.35,Delhi,1
74,101892.61,Delhi,0
71,6624.82,Bangalore,1
23,9862.67,Pune,0
35,61357.75,Mumbai,1
78,6990.63,Bangalore,1
72,33809.44,Bangalore,0
23,107806.64,Bangalore,1
19,22436.23,Mumbai,1
64,72187.32,Bangalore,0
44,54564.44,Mumbai,1
62,44578.34,Delhi,0
73,26881.15,Delhi,1
64,13036.23,Bangalore,0
43,86147.79,Pune,0
33,51851.26,Delhi,1
70,113388.05,Mumbai,0
64,87886.53,Pune,0
39,25125.89,Mumbai,1
49,7608.86,Pune,0
24,50720.65,Mumbai,0
20,26713.69,Bangalore,1
44,22696.41,Mumbai,1
24,60230.14,Mumbai,1
59,88929.88,Pune,0
35,19860.45,Delhi,1
79,53737.39,Bangalore,0
70,23068.72,Delhi,0
37,64260.3,Pune,0
44,96886.35,Pune,0
73,192050.95,Delhi,0
34,30380.38,Bangalore,0
76,36879.28,Pune,0
51,72050.48,Delhi,0
22,12737.12,Delhi,0
38,124866.91,Bangalore,0
27,55692.12,Pune,0
37,16627.61,Pune,1
63,29984.28,Bangalore,1
30,132097.28,Bangalore,1
44,52569.02,Bangalore,0
39,51421.45,Pune,1
79,30931.2,Delhi,0
28,10161.5,Pune,1
30,98278.21,Delhi,1
53,13601.25,Mumbai,1
30,44772.06,Bangalore,1
41,79977.58,Delhi,0
27,11610.13,Delhi,1
20,8304.68,Delhi,1
57,2859.33,Pune,1
31,144728.24,Mumbai,0
28,64557.75,Bangalore,1
47,32357.22,Mumbai,0
48,383.01,Delhi,0
35,46937.68,Pune,1
33,140502.48,Delhi,0
72,58485.75,Mumbai,0
73,31143.17,Bangalore,0
21,4145.69,Bangalore,1
26,10369.11,Pune,1
58,24280.64,Pune,1
71,43453.59,Pune,1
71,204514.52,Pune,0
76,45518.27,Bangalore,1
75,22005.42,Pune,1
56,13653.86,Delhi,0
48,45856.14,Delhi,0
25,78154.57,Mumbai,0
42,586.28,Mumbai,1
35,21111.1,Bangalore,1
20,5028.15,Pune,1
34,72374.52,Delhi,1
46,37115.93,Delhi,1
36,22533.98,Mumbai,1
58,17576.28,Pune,1
39,19877.07,Mumbai,1
38,6537.34,Pune,1
75,7345.68,Mumbai,0
28,159151.31,Delhi,0
35,5365.5,Delhi,1
47,29915.17,Mumbai,0
79,35561.77,Delhi,0
28,78894.62,Delhi,0
41,18452.39,Bangalore,1
52,4679.68,Delhi,1
22,29970.21,Delhi,1
46,100717.03,Pune,1
42,53259.03,Pune,1
79,18331.21,Bangalore,1
53,87217.28,Mumbai,0
28,57123.68,Mumbai,1
53,69570.0,Delhi,0
57,34613.95,Mumbai,1
71,89137.95,Pune,0
30,52364.7,Bangalore,0
29,87833.11,Bangalore,0
43,59857.71,Bangalore,0
22,178597.16,Mumbai,0
64,14240.09,Pune,0
74,62438.02,Bangalore,1
48,67145.55,Pune,1
58,28488.18,Mumbai,0
40,16076.93,Bangalore,1
76,15734.92,Bangalore,0
73,124438.79,Bangalore,0
49,28202.24,Mumbai,1
72,116317.52,Pune,0
20,29552.73,Pune,0
41,52629.97,Pune,1
41,52634.11,Mumbai,0
23,28342.81,Mumbai,1
66,57605.95,Bangalore,1
39,60956.28,Mumbai,1
19,12110.51,Mumbai,0
29,76439.04,Bangalore,0
69,9529.88,Bangalore,0
64,59642.14,Pune,1
46,9400.95,Mumbai,0
57,21176.7,Mumbai,1
57,2973.16,Pune,0
49,64846.51,Pune,1
65,9886.72,Pune,0
19,40623.64,Bangalore,1
67,27888.85,Mumbai,0
77,13129.8,Bangalore,0
51,17530.39,Delhi,0
18,72423.1,Delhi,1
67,60707.33,Bangalore,1
50,59473.92,Bangalore,1
22,133942.98,Bangalore,0
44,20500.13,Delhi,0
21,2520.24,Bangalore,1
34,17235.82,Delhi,1
55,17990.87,Bangalore,1
73,30210.3,Bangalore,1
79,92556.52,Mumbai,0
39,24520.85,Delhi,1
39,73188.19,Bangalore,1
53,3062.89,Delhi,0
63,117058.76,Delhi,0
26,2094.94,Mumbai,1
41,41226.28,Pune,1
21,95629.34,Bangalore,0
60,4671.58,Bangalore,0
70,40288.89,Pune,1
55,74242.35,Bangalore,0
25,50999.11,Bangalore,1
45,19545.9,Bangalore,1
26,41526.57,Delhi,1
58,12569.96,Bangalore,1
58,64099.47,Pune,1
41,1901.83,Bangalore,1
31,59537.4,Delhi,0
24,29086.86,Bangalore,1
66,2965.58,Bangalore,1
32,123187.76,Mumbai,0
22,61670.84,Bangalore,1
69,48689.49,Mumbai,1
19,34595.33,Mumbai,1
51,82352.57,Mumbai,0
41,24349.05,Mumbai,1
48,82261.35,Pune,0
71,42437.71,Bangalore,0
64,75220.06,Pune,0
26,42.42,Bangalore,0
51,104257.88,Pune,1
18,7053.96,Pune,1
25,5773.52,Bangalore,1
47,49389.54,Bangalore,1
42,5764.91,Pune,1
45,67357.44,Mumbai,0
49,49647.49,Delhi,1
45,1326.61,Mumbai,1
28,31319.92,Bangalore,1
32,12820.96,Delhi,1
26,49886.89,Bangalore,0
62,27609.2,Delhi,1
68,41128.81,Bangalore,1
70,15911.96,Bangalore,0
58,220570.21,Bangalore,0
46,47355.16,Pune,0
35,40945.67,Bangalore,1
75,105437.38,Mumbai,1
37,32206.21,Bangalore,1
62,42103.98,Delhi,0
42,38189.94,Pune,0
22,2453.45,Pune,1
24,35826.36,Bangalore,1
76,4775.07,Pune,1
76,184557.58,Pune,0
42,211675.1,Bangalore,0
68,32515.75,Bangalore,0
56,12599.52,Pune,1
35,110863.81,Pune,1
28,66589.26,Delhi,1
67,59080.79,Delhi,1
50,18329.86,Delhi,1
47,8289.36,Delhi,1
31,30647.52,Delhi,0
68,62671.35,Bangalore,0
58,55615.74,Delhi,1
43,32321.36,Delhi,1
36,25639.4,Mumbai,0
48,88447.65,Mumbai,1
79,71006.76,Mumbai,1
25,64196.74,Pune,1
24,223453.88,Pune,0
19,59522.17,Bangalore,0
52,73075.49,Delhi,0
53,91915.38,Bangalore,0
29,4560.54,Pune,1
55,27862.4,Pune,0
36,165278.55,Bangalore,0
74,30681.62,Delhi,0
71,25070.73,Bangalore,1
56,23119.93,Delhi,0
49,205008.47,Pune,1
29,55524.81,Bangalore,0
23,58719.19,Pune,1
69,145817.46,Mumbai,0
63,24867.24,Delhi,1
72,77665.31,Bangalore,0
45,8884.71,Bangalore,1
52,39131.59,Delhi,1
23,69314.76,Delhi,1
53,86535.46,Bangalore,0
48,13999.08,Mumbai,1
29,14072.15,Pune,1
45,8043.5,Bangalore,1
64,4329.36,Bangalore,1
54,11350.5,Delhi,1
29,87188.22,Bangalore,1
44,60906.5,Mumbai,1
70,17881.35,Mumbai,0
55,59227.67,Delhi,1
55,19193.96,Bangalore,1
61,120355.23,Mumbai,0
25,10487.77,Pune,1
79,10073.47,Pune,0
79,14092.8,Delhi,1
52,22821.92,Delhi,1
23,45562.14,Mumbai,0
45,39888.87,Mumbai,0
31,1555.23,Delhi,1
62,7694.76,Bangalore,0
79,47134.09,Pune,0
74,37818.89,Delhi,1
66,25909.92,Pune,0
19,314306.07,Delhi,0
71,33408.59,Delhi,1
20,2426.64,Delhi,1
50,21066.33,Mumbai,1
78,28678.71,Mumbai,1
69,34701.91,Pune,0
51,5216.08,Bangalore,0
69,11630.04,Bangalore,0
21,45555.25,Bangalore,1
41,41528.08,Pune,0
58,110844.35,Pune,0
39,35893.71,Delhi,1
23,59.24,Delhi,1
48,87199.05,Mumbai,1
24,21925.44,Delhi,1
46,80513.18,Mumbai,1
42,34779.77,Delhi,0
59,42268.59,Bangalore,1
59,13706.44,Pune,0
60,8254.96,Pune,1
68,8559.45,Pune,1
46,5701.29,Delhi,1
70,23467.6,Mumbai,1
21,21883.02,Pune,0
41,323700.74,Bangalore,0
39,9804.54,Pune,0
78,34225.94,Delhi,1
20,337154.54,Mumbai,0
26,3357.28,Delhi,0
50,32848.23,Delhi,1
59,176786.97,Bangalore,0
20,14224.48,Bangalore,1
32,60217.27,Pune,1
19,12353.96,Pune,1
61,10668.13,Pune,1
42,134563.38,Bangalore,0
47,19465.57,Mumbai,0
61,10747.63,Delhi,0
19,32071.93,Pune,1
47,104066.07,Bangalore,0
20,25855.71,Delhi,1
52,20698.48,Mumbai,0
36,13152.19,Delhi,0
49,23068.31,Mumbai,0
24,34845.95,Pune,1
25,84558.79,Pune,1
60,26183.26,Mumbai,0
73,3597.89,Delhi,0
46,16059.56,Mumbai,1
29,15227.07,Mumbai,0
57,68975.33,Bangalore,0
77,73495.12,Delhi,0
59,43902.99,Pune,0
19,9172.51,Bangalore,1
20,1765.16,Bangalore,1
55,73008.59,Bangalore,1
43,132684.86,Mumbai,0
29,22686.16,Delhi,1
60,34975.15,Delhi,0
20,25127.29,Mumbai,1
73,19268.21,Mumbai,0
19,18073.33,Pune,0
76,48480.86,Pune,0
68,54879.2,Bangalore,1
41,120740.45,Pune,0
26,87233.57,Bangalore,1
53,133788.84,Bangalore,1
69,15.88,Delhi,0
75,114190.9,Mumbai,0
25,90263.95,Delhi,1
20,10298.62,Mumbai,1
78,24042.95,Bangalore,1
78,192659.33,Delhi,0
38,8189.03,Bangalore,1
46,32471.68,Bangalore,0
32,13342.57,Delhi,0
70,8345.93,Mumbai,1
47,105634.16,Bangalore,0
28,75392.18,Delhi,0
32,9274.84,Delhi,0
76,19889.29,Pune,0
32,36704.37,Pune,0
66,45702.22,Bangalore,1
54,132102.08,Pune,0
58,100061.3,Delhi,0
74,48494.89,Pune,1
28,6931.91,Bangalore,1
79,27337.39,Bangalore,0
45,5592.03,Mumbai,0
22,95777.95,Delhi,0
54,3016.18,Delhi,1
46,50791.92,Bangalore,0
42,51366.92,Bangalore,1
30,24718.29,Bangalore,0
73,53669.04,Bangalore,0
21,32595.66,Delhi,1
52,82307.67,Delhi,1
30,35277.3,Delhi,1
23,23973.51,Pune,1
32,31849.52,Bangalore,1
72,9654.92,Bangalore,0
62,39282.0,Bangalore,0
37,24557.0,Pune,1
76,102235.97,Pune,0
28,52907.78,Bangalore,0
44,55131.24,Pune,0
57,28260.88,Bangalore,1
22,17728.52,Bangalore,1
68,3291.93,Mumbai,1
37,279.76,Bangalore,0
35,4163.98,Mumbai,0
42,22735.77,Mumbai,1
48,107222.33,Bangalore,0
49,69724.24,Pune,1
78,92301.38,Bangalore,0
18,63553.02,Delhi,0
45,3524.68,Delhi,1
58,17737.03,Bangalore,1
41,2435.31,Mumbai,1
37,85459.79,Delhi,0
52,1442.75,Delhi,1
51,137083.8,Mumbai,1
61,43836.03,Delhi,1
49,81919.65,Mumbai,0
57,86511.82,Pune,0
27,59495.59,Pune,1
20,11445.12,Bangalore,1
29,204.66,Delhi,1
76,70414.88,Delhi,0
70,245518.81,Pune,0
46,169829.28,Mumbai,0
71,12119.51,Bangalore,0
61,37738.54,Pune,0
42,19432.86,Delhi,1
55,13789.44,Delhi,0
24,182257.71,Delhi,0
28,25660.81,Mumbai,1
22,65394.01,Mumbai,0
79,24599.9,Mumbai,1
18,1326.36,Delhi,0
66,101313.85,Pune,1
70,34940.33,Pune,1
59,230493.5,Mumbai,0
53,163905.22,Mumbai,0
34,29108.34,Pune,0
48,20419.04,Pune,1
29,6222.3,Delhi,1
24,36494.35,Pune,0
23,91266.43,Mumbai,0
76,50835.7,Mumbai,1
52,75971.99,Pune,0
61,356633.32,Delhi,0
31,6713.42,Delhi,1
22,35438.27,Delhi,1
44,109138.07,Pune,1
45,5594.34,Pune,1
65,114412.45,Mumbai,0
61,103866.89,Mumbai,0
55,42375.4,Delhi,0
46,56065.33,Pune,1
37,25182.73,Bangalore,1
23,4805.96,Bangalore,1
23,99806.9,Delhi,0
77,49655.64,Mumbai,1
37,11146.73,Delhi,1
41,27118.53,Bangalore,1
30,26134.24,Mumbai,0
19,21755.24,Pune,0
51,1486.18,Pune,0
27,2906.34,Pune,0
44,35899.93,Mumbai,1
22,13555.09,Pune,1
40,10634.86,Pune,1
79,61021.64,Delhi,0
41,7888.82,Bangalore,1
56,8246.13,Pune,0
43,16439.62,Delhi,0
40,68307.1,Mumbai,1
44,2421.25,Bangalore,1
58,40789.6,Pune,0
38,72879.48,Bangalore,1
30,15897.18,Pune,1
65,13816.67,Pune,0
76,18217.6,Pune,0
50,84020.06,Mumbai,0
57,20704.73,Pune,0
18,37659.48,Bangalore,0
73,15754.0,Pune,0
43,12336.32,Mumbai,0
28,7839.13,Pune,1
31,66025.04,Bangalore,0
66,52175.28,Mumbai,1
54,8086.92,Pune,0
65,51877.77,Delhi,1
70,161916.24,Mumbai,0
22,44311.99,Bangalore,1
64,23154.62,Bangalore,1
30,79525.06,Bangalore,1
25,98982.85,Bangalore,0
69,21637.47,Bangalore,0
49,26085.09,Delhi,0
54,36829.76,Pune,1
46,40774.64,Delhi,1
18,98426.29,Delhi,0
45,5576.7,Bangalore,1
71,5604.1,Bangalore,1
40,7769.88,Mumbai,1
18,12567.63,Bangalore,0
60,1858.98,Mumbai,1
63,36321.54,Bangalore,0
25,18794.5,Delhi,1
77,10294.12,Bangalore,0
21,67112.57,Delhi,0
22,47974.94,Pune,1
57,10023.28,Bangalore,1
41,72893.21,Bangalore,1
30,69066.57,Delhi,0
27,1814.76,Pune,1
40,48763.64,Pune,0
72,81160.67,Bangalore,1
75,17765.7,Bangalore,0
48,18236.2,Bangalore,1
26,48676.81,Pune,1
61,46415.5,Mumbai,0
70,45596.74,Delhi,1
64,33074.11,Bangalore,0
43,106846.77,Mumbai,0
59,28512.36,Pune,0
29,25900.03,Pune,0
77,59420.68,Bangalore,0
79,102235.54,Bangalore,0
36,42056.12,Bangalore,1
55,53471.51,Pune,0
60,90573.91,Delhi,0
31,9320.77,Delhi,1
77,141018.8,Pune,0
65,122399.76,Bangalore,0
66,25055.31,Delhi,1
40,57261.59,Bangalore,0
20,36160.1,Bangalore,1
51,65617.58,Bangalore,1
33,201284.71,Pune,0
40,28010.14,Pune,0
71,34859.04,Mumbai,0
28,104945.69,Bangalore,0
33,122463.01,Bangalore,0
69,166654.11,Bangalore,0
61,23825.62,Delhi,1
61,156509.85,Pune,0
53,22080.92,Bangalore,0
34,41224.04,Pune,1
76,165397.92,Delhi,0
50,3681.28,Mumbai,1
23,48172.02,Mumbai,1
18,48047.09,Bangalore,1
31,42206.29,Bangalore,1
70,55487.39,Bangalore,0
38,10568.05,Delhi,1
31,33430.35,Mumbai,1
19,3043.9,Mumbai,1
37,61532.57,Pune,1
54,68948.49,Mumbai,0
73,54288.43,Pune,0
73,9474.9,Delhi,1
30,4181.66,Pune,1
56,17547.22,Delhi,0
59,31965.01,Delhi,1
24,6100.6,Pune,1
21,29529.62,Mumbai,0
50,1051.06,Mumbai,1
53,20027.27,Delhi,1
27,16608.21,Bangalore,1
65,12729.02,Bangalore,0
19,5937.71,Mumbai,1
53,16451.05,Bangalore,1
40,62196.36,Bangalore,1
79,105136.22,Mumbai,0
35,5905.56,Delhi,1
54,19531.71,Pune,0
21,25231.86,Pune,1
44,143962.44,Delhi,0
60,3991.45,Delhi,1
36,39802.16,Pune,0
75,54217.33,Bangalore,0
57,24806.37,Pune,0
57,23347.66,Mumbai,0
62,17585.23,Delhi,0
72,31016.31,Mumbai,0
43,25424.55,Mumbai,0
40,94227.59,Pune,0
76,46871.38,Bangalore,0
52,21857.27,Mumbai,0
60,2452.5,Delhi,1
47,173969.07,Bangalore,1
55,1209.57,Bangalore,1
25,11020.88,Delhi,0
35,62291.6,Bangalore,0
66,22183.52,Mumbai,0
78,22947.09,Mumbai,1
43,21907.38,Mumbai,1
33,42819.57,Bangalore,1
41,33380.23,Mumbai,0
48,64314.96,Pune,0
53,87464.95,Pune,0
46,214787.87,Pune,0
26,41825.1,Pune,1
47,231660.09,Pune,0
53,31866.34,Mumbai,0
40,25484.02,Pune,1
74,204148.29,Bangalore,0
62,40524.31,Bangalore,1
18,848.06,Pune,0
68,96943.3,Bangalore,0
68,2838.54,Bangalore,0
26,71855.18,Delhi,0
69,68828.75,Delhi,0
20,17316.7,Mumbai,1
67,6817.16,Pune,1
45,145469.09,Mumbai,0
73,39624.45,Bangalore,0
79,66904.08,Delhi,1
28,14216.79,Pune,1
59,21826.1,Mumbai,1
37,21969.14,Mumbai,0
55,33000.96,Pune,1
38,133178.11,Mumbai,0
45,4672.47,Pune,0
67,194004.57,Delhi,0
67,6692.95,Bangalore,1
44,78458.17,Pune,0
22,17108.36,Pune,1
59,49765.81,Mumbai,0
56,322.25,Bangalore,1
54,87091.97,Bangalore,0
68,11377.97,Mumbai,1
76,73648.59,Bangalore,0
40,88489.95,Pune,0
56,6489.38,Pune,0
45,65530.75,Bangalore,1
68,13384.57,Delhi,0
36,16120.56,Mumbai,1
34,48701.83,Bangalore,1
46,27129.2,Mumbai,1
62,38394.35,Mumbai,1
58,28702.44,Bangalore,0
30,18222.05,Delhi,1
18,41581.8,Pune,1
56,34275.97,Delhi,1
20,18366.81,Pune,0
31,21068.16,Delhi,1
50,2952.09,Delhi,1
69,25627.83,Pune,0
30,1447.6,Bangalore,1
41,3378.84,Mumbai,0
31,14500.52,Mumbai,1
70,46085.15,Mumbai,0
45,7040.63,Delhi,1
34,12988.58,Bangalore,0
52,17556.7,Pune,0
22,11129.12,Bangalore,1
64,5146.17,Bangalore,1
66,61090.9,Bangalore,0
30,26368.42,Pune,1
27,25886.6,Delhi,1
71,123279.87,Bangalore,0
39,16823.85,Delhi,1
70,116627.29,Mumbai,0
51,96136.0,Delhi,0
53,37064.46,Pune,0
79,172847.83,Pune,0
26,9032.14,Mumbai,1
48,133330.51,Bangalore,0
44,68435.97,Pune,0
21,86245.53,Bangalore,0
22,1477.71,Bangalore,1
57,20636.91,Pune,0
77,17880.32,Delhi,0
67,34524.9,Bangalore,0
27,56162.57,Bangalore,0
49,261549.73,Pune,0
72,131252.99,Mumbai,0
22,71754.81,Mumbai,1
50,34274.61,Mumbai,1
62,19934.33,Mumbai,0
37,17521.28,Bangalore,1
74,229885.92,Mumbai,0
22,84505.26,Bangalore,1
22,6937.12,Bangalore,1
53,199261.99,Mumbai,0
35,6303.75,Pune,1
42,8129.03,Mumbai,0
29,6647.96,Delhi,1
25,33106.18,Delhi,1
31,26041.83,Delhi,0
23,8602.76,Bangalore,0
38,123293.07,Mumbai,0
47,25536.57,Mumbai,1
28,20278.54,Mumbai,0
26,27099.07,Mumbai,1
28,24938.44,Delhi,0
34,85341.68,Bangalore,1
53,6063.48,Pune,0
78,4133.84,Delhi,1
63,79334.57,Bangalore,0
61,38309.66,Mumbai,0
43,40026.78,Bangalore,1
62,52721.28,Mumbai,0
74,31132.89,Delhi,0
78,56285.76,Mumbai,0
20,8052.42,Pune,1
29,33248.58,Bangalore,1
42,16106.21,Delhi,0
73,7518.66,Bangalore,1
60,37580.27,Bangalore,0
23,14651.17,Pune,1
55,15181.28,Delhi,1
60,22587.19,Pune,1
53,76043.87,Bangalore,0
35,17872.21,Delhi,0
57,70746.98,Mumbai,0
70,1758.6,Mumbai,0
74,46511.17,Bangalore,0
74,48636.75,Bangalore,0
54,35385.22,Mumbai,1
50,18073.92,Bangalore,0
18,53236.14,Pune,1
42,21880.24,Pune,0
20,7485.2,Pune,0
40,7737.18,Delhi,1
78,35167.89,Bangalore,1
76,30016.95,Pune,0
77,47869.37,Mumbai,0
71,4163.61,Delhi,1
30,160017.25,Bangalore,1
72,39467.14,Bangalore,0
58,67720.64,Mumbai,0
59,4563.51,Mumbai,1
66,34232.49,Mumbai,0
19,17241.69,Delhi,1
69,26906.89,Mumbai,0
44,46802.06,Delhi,1
65,40307.77,Delhi,1
75,10848.15,Pune,0
38,50159.39,Mumbai,1
23,7968.78,Bangalore,0
78,56641.93,Bangalore,1
40,113944.83,Pune,0
74,51442.9,Delhi,0
74,119155.44,Delhi,0
37,19989.16,Delhi,1
35,30425.98,Bangalore,1
57,37978.15,Delhi,0
66,46774.21,Pune,0
20,8506.4,Mumbai,1
36,78695.71,Bangalore,0
35,25978.76,Pune,0
44,81212.17,Delhi,0
33,94680.74,Delhi,0
29,21291.29,Delhi,0
79,3095.78,Pune,1
72,73648.28,Mumbai,0
46,1375.89,Delhi,1
75,15757.66,Mumbai,1
39,13466.55,Delhi,1
57,24159.77,Bangalore,1
66,8738.78,Bangalore,0
73,136918.71,Mumbai,0
65,53174.33,Bangalore,0
40,4713.27,Delhi,0
27,40918.51,Pune,1
79,24270.02,Pune,1
25,22691.91,Pune,1
69,24165.99,Pune,0
39,36095.69,Pune,1
62,108814.28,Delhi,1
26,60089.93,Delhi,1
22,2094.38,Bangalore,1
28,9392.04,Delhi,1
73,91441.33,Delhi,0
30,119569.54,Mumbai,1
69,122899.78,Bangalore,1
36,5319.94,Bangalore,1
39,17282.32,Pune,1
59,62959.84,Pune,0
47,138455.77,Pune,0
51,77048.13,Mumbai,1
22,8872.54,Bangalore,1
38,76697.56,Bangalore,1
36,23242.32,Bangalore,1
51,18496.76,Delhi,0
42,306.33,Bangalore,1
23,22188.88,Bangalore,0
41,80211.77,Bangalore,0
39,16582.74,Pune,1
65,118304.29,Delhi,0
50,60722.82,Pune,0
73,53115.03,Pune,0
35,15383.21,Pune,0
44,74592.4,Bangalore,1
74,5283.32,Bangalore,0
28,19978.74,Pune,0
39,51658.27,Delhi,0
74,82418.25,Pune,0
63,12019.23,Mumbai,0
26,9.21,Bangalore,1
24,122218.83,Mumbai,1
55,35733.95,Mumbai,1
72,20849.23,Pune,0
50,51480.01,Mumbai,1
50,65003.57,Delhi,1
42,64040.04,Mumbai,0
58,6235.12,Delhi,1
27,27107.94,Delhi,1
64,11364.35,Bangalore,1
55,44007.57,Mumbai,0
25,71127.15,Mumbai,0
75,47556.7,Mumbai,0
69,822.32,Pune,0
32,50792.29,Bangalore,0
49,44518.66,Mumbai,0
76,18209.99,Bangalore,1
38,13408.48,Mumbai,1
50,30773.94,Pune,0
36,27428.39,Bangalore,1
62,124779.65,Bangalore,0
51,13093.69,Bangalore,0
50,63522.26,Mumbai,0
49,35715.78,Bangalore,0
28,54545.15,Mumbai,0
74,52091.17,Pune,0
23,48364.25,Pune,1
36,90212.61,Delhi,1
20,64708.78,Pune,0
33,9271.38,Delhi,0
20,898.55,Bangalore,1
51,30934.58,Mumbai,0
45,577.3,Bangalore,1
36,45469.92,Delhi,0
39,1052.05,Bangalore,0
50,32071.25,Bangalore,1
62,29885.06,Delhi,1
41,233749.41,Delhi,0
42,13866.59,Bangalore,1
34,4234.35,Delhi,1
48,43296.97,Delhi,0
51,8817.03,Pune,1
26,127116.06,Bangalore,0
36,21401.88,Bangalore,1
62,20078.27,Pune,1
24,1086.96,Delhi,1
36,64440.08,Delhi,0
39,14624.43,Bangalore,1
65,33821.57,Bangalore,1
48,45460.33,Bangalore,1
60,55372.47,Delhi,1
67,7885.04,Bangalore,1
57,31728.36,Bangalore,1
29,40590.82,Bangalore,0
18,37265.24,Pune,0
50,107404.05,Pune,0
68,32616.27,Mumbai,0
26,29465.76,Mumbai,1
56,34766.51,Mumbai,1
59,21305.12,Pune,0
55,1031.9,Mumbai,0
45,68426.13,Pune,0
69,174312.93,Delhi,0
61,52537.98,Mumbai,0
31,1682.25,Pune,1
37,13456.77,Bangalore,1
54,46622.18,Delhi,1
63,39898.37,Pune,0
78,41226.64,Pune,1
55,47943.01,Delhi,1
69,18180.49,Mumbai,0
35,6268.19,Delhi,1
75,77380.04,Pune,0
72,8521.53,Mumbai,1
50,16146.94,Mumbai,0
46,10802.06,Delhi,0
22,23292.64,Mumbai,1
49,16898.44,Bangalore,1
59,204387.36,Pune,0
78,16697.58,Mumbai,1
69,30892.92,Mumbai,0
46,228616.06,Mumbai,0
35,8391.3,Bangalore,1
56,98267.4,Bangalore,0
46,16601.45,Pune,1
37,33238.77,Bangalore,1
35,40485.44,Mumbai,0
48,1890.51,Delhi,0
29,24135.14,Bangalore,0
35,158.22,Delhi,1
70,67894.95,Mumbai,0
76,107571.7,Bangalore,0
60,26143.42,Mumbai,1
21,111017.43,Bangalore,0
51,80034.0,Pune,1
42,26106.95,Pune,1
69,67184.37,Delhi,0
43,4936.85,Bangalore,0
33,8405.97,Bangalore,1
69,123442.78,Bangalore,0
59,3386.06,Mumbai,1
28,32857.19,Mumbai,1
76,28945.02,Mumbai,0
32,53690.19,Mumbai,0
68,69542.16,Pune,1
39,5043.18,Mumbai,0
61,43900.46,Mumbai,1
43,3434.55,Mumbai,1
71,69493.93,Mumbai,0
49,48869.35,Bangalore,1
38,40757.21,Pune,1
48,41995.13,Delhi,0
40,14952.74,Delhi,1
59,15911.44,Delhi,0
18,71677.24,Mumbai,1
42,67580.26,Delhi,0
61,47862.2,Bangalore,0
32,22515.67,Bangalore,0
71,62382.0,Mumbai,0
20,51513.55,Mumbai,0
44,38991.54,Delhi,0
21,60240.32,Pune,1
72,106204.65,Pune,0
19,15183.36,Pune,1
69,31247.06,Delhi,1
20,182032.52,Delhi,0
65,167956.59,Mumbai,0
68,119417.1,Delhi,0
40,38792.77,Pune,0
65,1524.32,Pune,1
66,42538.37,Delhi,0
31,8765.28,Pune,1
56,10652.4,Bangalore,0
70,67183.15,Mumbai,1
77,3489.67,Delhi,1
27,31455.36,Delhi,1
26,43807.51,Bangalore,0
48,9037.15,Delhi,0
67,10441.42,Delhi,1
24,88762.74,Mumbai,1
45,130267.95,Pune,0
76,14853.39,Pune,0
33,95137.54,Pune,0
56,10362.55,Delhi,0
19,27606.46,Bangalore,1
58,78408.4,Bangalore,0
75,31418.5,Delhi,0
69,82216.95,Delhi,0
20,124234.06,Delhi,0
49,6162.28,Pune,1
71,29342.31,Bangalore,0
73,99743.49,Bangalore,1
41,104709.85,Delhi,1
36,65285.04,Delhi,1
73,54688.09,Bangalore,0
46,395.95,Mumbai,1
37,204687.67,Delhi,0
70,123729.93,Mumbai,0
59,104970.91,Delhi,0
59,5289.67,Mumbai,0
40,80554.58,Bangalore,1
72,51283.71,Bangalore,0
38,37393.52,Bangalore,1
52,288367.79,Bangalore,0
58,895.38,Bangalore,0
48,161099.91,Pune,0
66,52877.53,Bangalore,1
62,20646.6,Bangalore,0
26,10191.48,Delhi,1
53,143846.44,Delhi,1
23,36704.21,Bangalore,1
73,6937.1,Mumbai,1
32,39734.35,Mumbai,1
63,244241.62,Pune,0
27,17767.95,Bangalore,1
25,23819.13,Delhi,1
33,146725.32,Delhi,0
33,102191.23,Delhi,0
75,112634.04,Mumbai,0
79,68279.73,Delhi,1
74,74471.1,Mumbai,0
26,63379.12,Bangalore,1
56,1803.85,Bangalore,0
60,10547.56,Bangalore,1
74,3836.21,Bangalore,0
23,18298.58,Mumbai,1
36,84063.03,Mumbai,0
72,22590.96,Delhi,1
23,9102.97,Mumbai,1
46,4138.97,Mumbai,1
40,17790.36,Mumbai,1
64,73657.2,Pune,0
72,173191.84,Bangalore,0
22,15913.74,Bangalore,1
19,3048.68,Bangalore,0
42,16649.29,Mumbai,1
72,4199.93,Pune,1
59,9624.51,Delhi,1
46,10716.15,Pune,1
61,29890.19,Bangalore,0
64,76297.93,Delhi,1
69,5789.55,Pune,1
50,26825.38,Pune,1
34,112811.74,Delhi,1
23,40917.89,Delhi,1
74,101482.71,Bangalore,0
63,32761.2,Mumbai,0
62,68484.62,Pune,0
25,50168.13,Delhi,1
41,8116.02,Delhi,0
76,52658.65,Delhi,1
26,19767.09,Bangalore,0
49,65304.85,Bangalore,1
24,191462.05,Mumbai,0
58,1604.11,Bangalore,1
78,28069.79,Pune,0
18,9660.74,Bangalore,1
39,88070.15,Delhi,0
26,207.95,Bangalore,1
75,12434.1,Bangalore,0
68,26309.71,Delhi,0
73,91812.26,Bangalore,0
21,22398.06,Bangalore,0
77,10566.78,Mumbai,0
20,61868.02,Pune,1
67,46105.25,Delhi,1
23,100875.13,Mumbai,1
51,41364.27,Pune,1
28,4373.22,Mumbai,1
19,58208.91,Mumbai,1
64,2665.98,Pune,1
24,58661.73,Pune,1
59,55074.8,Delhi,0
79,88671.24,Pune,0
67,3822.74,Pune,1
47,40197.73,Bangalore,0
65,93502.16,Mumbai,0
72,3809.29,Pune,0
22,18126.47,Pune,0
23,6589.67,Delhi,1
33,70173.91,Bangalore,1
70,80283.92,Bangalore,0
75,162975.9,Pune,0
35,221970.05,Pune,0
51,130336.08,Bangalore,0
44,14997.17,Pune,1
61,18076.4,Delhi,1
58,21714.45,Bangalore,0
78,56691.39,Bangalore,0
54,65508.98,Delhi,0
75,12990.53,Bangalore,0
22,2077.19,Delhi,1
75,8085.6,Mumbai,0
46,53151.56,Pune,0
43,7945.1,Delhi,1
71,11533.23,Bangalore,0
51,12685.73,Delhi,1
38,3343.84,Pune,1
22,12298.84,Bangalore,1
32,390.59,Pune,1
20,28540.5,Delhi,1
43,79144.51,Mumbai,1
51,64000.33,Delhi,1
19,186661.82,Bangalore,0
32,15632.17,Delhi,1
35,205520.66,Delhi,0
39,77755.54,Pune,0
53,114723.51,Mumbai,0
33,130698.51,Pune,0
64,55129.23,Pune,0
46,12370.43,Mumbai,1
68,37780.49,Pune,1
75,10883.73,Pune,0
57,93192.49,Pune,0
32,98519.64,Delhi,0
19,28447.13,Delhi,0
23,76330.71,Delhi,1
20,12796.74,Pune,1
77,77889.73,Mumbai,1
54,94867.25,Mumbai,0
57,41410.2,Bangalore,1
21,41428.16,Pune,0
40,30815.66,Delhi,1
60,41825.38,Pune,1
49,39641.11,Delhi,0
44,90903.47,Mumbai,1
24,87898.04,Bangalore,1
48,63016.49,Delhi,0
37,59655.7,Pune,0
60,21989.71,Bangalore,0
20,34180.08,Mumbai,1
52,216233.2,Mumbai,0
27,99137.61,Bangalore,1
50,149580.43,Pune,0
47,26278.63,Bangalore,1
65,56224.83,Pune,1
23,9185.63,Delhi,1
53,58509.65,Mumbai,0
38,13250.94,Delhi,1
33,23553.59,Bangalore,1
54,34448.7,Delhi,0
56,3410.07,Delhi,1
71,9967.16,Delhi,1
61,5274.44,Delhi,1
32,150020.36,Pune,1
22,69867.18,Mumbai,1
40,1633.6,Delhi,1
44,90398.09,Pune,0
35,10415.29,Bangalore,1
62,49681.5,Delhi,0
35,55884.09,Mumbai,1
66,21031.7,Mumbai,0
77,16541.95,Bangalore,0
62,116702.28,Mumbai,1
44,13819.49,Delhi,0
68,27956.58,Mumbai,0
68,12914.29,Bangalore,1
51,19226.62,Delhi,1
27,38073.69,Delhi,0
25,287027.69,Bangalore,0
46,108222.23,Pune,0
21,8569.47,Bangalore,1
46,173568.46,Pune,0
20,43511.1,Pune,0
56,87895.7,Pune,0
43,21479.04,Delhi,1
59,103851.61,Bangalore,0
50,54109.37,Pune,0
42,10550.4,Mumbai,1
60,17611.42,Mumbai,0
30,73628.82,Delhi,1
41,72527.29,Pune,0
76,9180.97,Pune,1
53,13318.87,Pune,0
40,21092.69,Delhi,1
75,31661.28,Pune,0
25,20535.35,Pune,0
32,128114.95,Bangalore,0
51,9834.57,Pune,0
67,618.77,Delhi,0
30,821.62,Pune,1
24,10731.75,Delhi,1
67,50220.48,Mumbai,1
42,46569.37,Delhi,1
60,92106.56,Mumbai,1
60,3755.93,Pune,1
55,5538.86,Bangalore,1
59,26397.63,Bangalore,1
18,41110.86,Delhi,0
28,7424.7,Delhi,1
44,14012.49,Mumbai,0
59,5554.97,Pune,0
52,27030.73,Pune,0
31,2922.26,Bangalore,1
65,2272.7,Pune,0
49,6750.68,Delhi,1
39,2101.48,Bangalore,1
25,35434.49,Bangalore,1
76,36908.78,Mumbai,0
64,19250.9,Pune,0
45,140140.92,Delhi,0
49,98741.13,Delhi,0
23,22302.27,Bangalore,0
21,34623.12,Pune,1
45,26748.73,Delhi,1
18,12632.45,Bangalore,1
70,38319.41,Delhi,0
22,22253.95,Pune,1
29,67808.64,Bangalore,1
36,34764.47,Pune,0
37,4581.62,Pune,1
51,89483.13,Mumbai,0
78,26420.15,Mumbai,0
58,39432.76,Delhi,0
22,69702.02,Bangalore,1
29,67949.01,Bangalore,1
39,91088.99,Pune,1
78,2881.22,Bangalore,0
45,8000.12,Bangalore,1
72,159696.08,Pune,0
47,72172.79,Delhi,1
67,44737.29,Mumbai,1
52,130023.29,Pune,0
58,46880.43,Delhi,1
60,20671.19,Bangalore,1
35,15684.12,Mumbai,0
42,489.51,Mumbai,0
34,49593.31,Mumbai,0
20,1680.44,Delhi,1
28,15661.56,Pune,1
39,26169.9,Delhi,1
36,30678.65,Mumbai,1
19,20334.56,Pune,1
54,32898.32,Delhi,0
49,59103.14,Delhi,0
52,33861.82,Pune,1
71,25028.08,Mumbai,1
53,42688.58,Bangalore,0
23,22627.79,Mumbai,0
61,1904.37,Pune,0
43,58844.14,Delhi,0
35,11011.36,Bangalore,1
74,195371.58,Pune,0
53,15786.59,Pune,1
69,36260.97,Bangalore,1
45,30992.92,Mumbai,1
63,6662.34,Bangalore,1
78,35611.14,Pune,0
62,154478.61,Pune,0
56,2133.46,Bangalore,0
18,8078.56,Mumbai,1
41,32414.34,Delhi,0
45,3729.56,Delhi,0
79,47728.97,Bangalore,0
73,57177.14,Pune,0
62,72531.33,Bangalore,1
62,50657.46,Mumbai,0
29,7763.82,Mumbai,1
39,81672.06,Pune,0
74,8033.51,Bangalore,1
52,51318.78,Pune,0
26,73173.0,Mumbai,1
56,77368.67,Mumbai,1
58,28147.71,Pune,1
71,62516.08,Pune,1
47,97562.34,Mumbai,0
52,124688.17,Bangalore,1
66,30589.71,Pune,0
70,123337.06,Mumbai,0
35,349.42,Pune,1
63,20793.96,Bangalore,0
19,42351.85,Pune,0
79,53510.49,Pune,0
44,22543.25,Mumbai,0
39,92151.36,Bangalore,1
45,128853.07,Pune,0
49,35947.16,Pune,1
21,32586.91,Delhi,1
57,830.08,Pune,0
38,19342.48,Bangalore,1
18,13005.26,Pune,1
57,18226.82,Mumbai,1
51,117844.47,Delhi,0
42,36095.95,Delhi,1
47,1615.27,Mumbai,1
54,48809.62,Bangalore,1
35,190578.09,Bangalore,0
78,15066.24,Mumbai,0
56,60747.09,Delhi,0
37,67217.41,Delhi,1
62,45564.38,Bangalore,0
69,5629.34,Mumbai,1
59,18124.64,Bangalore,0
42,35581.26,Delhi,0
74,35519.98,Mumbai,0
46,31089.55,Pune,0
46,46367.3,Pune,0
20,144536.86,Bangalore,0
62,54077.47,Bangalore,1
25,69629.78,Pune,0
29,36.37,Delhi,1
22,5024.76,Pune,1
58,25173.78,Pune,1
21,44484.49,Bangalore,1
26,56001.21,Mumbai,1
34,40268.15,Mumbai,1
67,6056.19,Delhi,0
44,35588.19,Bangalore,1
68,45710.81,Mumbai,0
28,9063.2,Delhi,0
26,11076.82,Mumbai,1
50,22087.39,Pune,0
75,13690.48,Delhi,1
64,14357.77,Bangalore,0
48,91668.69,Bangalore,0
40,2665.98,Delhi,0
74,50502.2,Pune,0
65,41549.57,Bangalore,0
71,63587.03,Delhi,1
31,115640.52,Delhi,1
39,14511.4,Bangalore,0
34,51764.61,Pune,1
63,3276.99,Mumbai,1
48,7104.58,Mumbai,1
72,5406.03,Mumbai,1
19,26297.01,Mumbai,1
79,53350.91,Delhi,0
45,70641.37,Delhi,0
33,37085.1,Delhi,1
69,114864.99,Mumbai,0
66,16540.01,Pune,0
68,2948.54,Mumbai,1
41,2356.05,Pune,1
78,46984.05,Bangalore,0
22,31536.77,Delhi,1
32,27805.78,Delhi,1
35,18249.52,Mumbai,1
28,19342.25,Mumbai,1
27,25290.02,Delhi,1
79,8196.27,Delhi,0
62,81609.0,Mumbai,0
60,78527.48,Bangalore,0
51,83238.84,Bangalore,0
46,42684.8,Delhi,0
27,50324.24,Pune,0
48,55834.63,Delhi,0
55,19511.47,Pune,0
64,33347.59,Bangalore,0
27,171968.8,Mumbai,0
28,36615.18,Mumbai,1
53,46557.82,Bangalore,0
30,6040.54,Delhi,0
39,17175.74,Mumbai,1
33,84826.68,Delhi,1
65,26391.35,Delhi,0
45,48062.68,Mumbai,1
48,69484.98,Delhi,0
27,40252.89,Bangalore,0
69,100683.11,Pune,1
72,148846.42,Bangalore,0
39,26607.17,Mumbai,1
43,93980.42,Pune,0
43,61117.31,Delhi,1
18,91217.12,Mumbai,0
34,26092.67,Delhi,0
61,84706.77,Bangalore,0
61,9325.94,Mumbai,1
68,54366.22,Pune,0
75,19172.17,Mumbai,1
25,6655.6,Delhi,1
22,839.81,Bangalore,1
44,68409.13,Bangalore,1
54,53213.47,Mumbai,0
44,34115.59,Pune,0
51,1358.64,Bangalore,1
19,106314.79,Pune,1
70,9145.92,Mumbai,0
71,19879.4,Mumbai,1
47,32517.42,Bangalore,0
45,49660.06,Mumbai,1
57,106124.94,Bangalore,0
52,166694.33,Delhi,0
36,10087.72,Pune,1
56,20281.45,Bangalore,0
56,75593.7,Mumbai,0
75,20760.28,Delhi,0
68,105893.7,Bangalore,0
18,61222.8,Pune,1
25,46366.99,Mumbai,1
60,14962.9,Delhi,0
59,36419.33,Bangalore,0
49,75565.49,Mumbai,0
25,78820.67,Delhi,0
54,21331.9,Bangalore,1
66,238824.09,Mumbai,0
48,3895.85,Delhi,0
50,7202.69,Pune,0
64,30475.75,Pune,1
55,168811.24,Bangalore,0
31,84424.27,Delhi,0
42,66621.36,Pune,1
77,30863.72,Mumbai,1
47,139285.89,Pune,0
67,2267.14,Pune,1
28,23741.86,Bangalore,0
31,85099.69,Mumbai,0
68,70540.11,Mumbai,0
27,111589.85,Mumbai,0
33,85790.13,Pune,0
37,2111.82,Mumbai,1
55,6503.79,Pune,1
67,21237.37,Delhi,0
60,269094.42,Mumbai,0
54,40813.38,Bangalore,0
36,8929.15,Delhi,1
35,320.36,Delhi,1
25,52860.44,Bangalore,0
61,89640.41,Pune,1
27,21098.99,Delhi,1
52,2357.03,Pune,1
26,2266.89,Pune,1
65,2474.19,Delhi,0
47,120996.04,Delhi,0
62,12168.38,Mumbai,1
39,49057.75,Mumbai,1
30,20913.73,Pune,1
27,22026.93,Pune,1
62,12195.44,Pune,1
73,189937.45,Pune,0
24,33153.61,Pune,1
33,23771.2,Mumbai,1
51,32916.61,Pune,0
18,995.97,Delhi,1
52,3683.65,Bangalore,0
37,120162.38,Delhi,1
53,142115.04,Bangalore,0
33,69892.39,Delhi,1
25,15516.73,Pune,0
42,56568.99,Pune,0
19,136026.2,Delhi,0
32,152315.06,Pune,0
58,165015.57,Pune,0
38,77138.38,Bangalore,1
31,63621.92,Pune,0
52,20402.48,Bangalore,0
31,14432.77,Delhi,1
22,51213.81,Pune,1
42,10426.25,Pune,1
22,1674.88,Bangalore,1
74,44817.98,Mumbai,0
33,9900.72,Bangalore,1
58,171476.52,Pune,0
45,79643.06,Mumbai,1
51,46636.11,Mumbai,1
50,95519.68,Delhi,1
68,117762.43,Pune,0
36,11800.7,Delhi,1
45,18334.84,Mumbai,0
19,146500.29,Delhi,0
31,3315.9,Bangalore,1
72,9607.16,Bangalore,0
43,93962.63,Pune,1
35,9991.98,Delhi,1
69,25485.63,Pune,1
49,19131.6,Delhi,1
57,220.93,Delhi,0
23,29946.87,Pune,0
60,60312.01,Mumbai,1
26,6849.72,Delhi,0
22,40613.18,Bangalore,1
59,60675.13,Pune,0
75,86910.29,Mumbai,0
32,58768.62,Bangalore,1
72,3851.99,Delhi,0
55,55301.1,Bangalore,1
18,41514.75,Delhi,0
50,39968.28,Delhi,0
57,124744.83,Bangalore,0
50,44014.29,Pune,0
54,81412.26,Bangalore,0
73,82629.33,Mumbai,0
60,9578.71,Mumbai,1
47,542.26,Delhi,0
57,16888.03,Pune,1
74,36588.47,Pune,1
23,6932.74,Bangalore,1
55,963.32,Bangalore,0
22,119656.18,Pune,1
64,43382.48,Pune,0
35,145787.39,Delhi,0
47,11562.35,Mumbai,1
34,39939.67,Mumbai,1
57,19507.01,Pune,0
69,29277.4,Bangalore,1
73,14546.79,Delhi,0
27,10694.15,Bangalore,1
54,43712.19,Delhi,0
74,79510.04,Delhi,0
61,26542.63,Mumbai,0
18,125618.13,Pune,0
30,38041.83,Pune,0
46,101152.68,Mumbai,1
22,54174.42,Delhi,1
38,6826.21,Bangalore,0
77,57442.94,Delhi,0
58,7336.86,Pune,1
29,2760.23,Delhi,1
49,11974.15,Mumbai,1
37,23403.81,Pune,1
32,24894.01,Delhi,1
43,86207.5,Delhi,0
41,29966.04,Mumbai,1
68,23726.21,Pune,0
64,3831.7,Delhi,1
36,10017.19,Mumbai,1
46,25833.76,Pune,1
27,265164.23,Pune,0
79,20003.66,Bangalore,0
44,1877.32,Pune,1
19,58528.11,Bangalore,1
69,55709.04,Bangalore,0
53,30588.9,Delhi,0
20,475.14,Bangalore,1
66,56980.58,Pune,1
51,102929.05,Bangalore,0
59,74369.8,Delhi,1
61,3494.02,Delhi,1
18,60098.85,Bangalore,1
46,20935.84,Bangalore,1
70,69028.49,Delhi,0
72,68211.24,Bangalore,0
63,118684.46,Mumbai,0
41,24466.2,Pune,0
19,17472.39,Delhi,1
61,120141.93,Pune,0
47,19488.67,Mumbai,0
28,361.78,Bangalore,1
50,9082.43,Delhi,1
26,5658.79,Mumbai,1
32,83915.15,Delhi,0
57,7383.97,Delhi,0
53,17030.82,Pune,1
44,104982.5,Pune,0
75,7045.52,Mumbai,0
51,17882.16,Pune,1
23,6111.71,Pune,1
56,48601.89,Mumbai,0
74,12825.22,Pune,0
35,25393.39,Pune,1
66,154421.82,Pune,0
48,72813.78,Bangalore,0
79,42700.59,Delhi,0
70,50968.64,Delhi,0
63,25352.4,Mumbai,0
23,371602.79,Pune,0
62,104105.05,Pune,0
53,2967.5,Pune,1
27,100815.07,Mumbai,0
69,63767.95,Pune,1
54,26397.16,Pune,0
19,163590.67,Mumbai,0
73,43525.5,Bangalore,0
62,33357.32,Pune,1
67,44449.94,Delhi,0
30,72718.51,Mumbai,0
43,12006.01,Mumbai,1
38,18674.07,Pune,0
72,11752.13,Mumbai,0
18,94377.41,Pune,1
30,2013.62,Bangalore,1
39,3517.51,Mumbai,0
20,85980.19,Delhi,0
69,21628.25,Bangalore,0
40,36806.8,Delhi,0
22,50965.89,Bangalore,0
33,18597.97,Mumbai,0
74,45455.16,Delhi,1
49,62055.7,Mumbai,0
44,17035.36,Pune,1
61,24068.26,Mumbai,0
48,125868.88,Bangalore,0
54,59965.8,Pune,0
35,81797.04,Mumbai,0
71,7932.09,Pune,1
75,2127.06,Pune,0
28,10676.94,Bangalore,1
30,21055.36,Delhi,0
57,31052.44,Delhi,0
66,3529.63,Pune,0
70,26148.25,Pune,1
50,122194.72,Mumbai,0
56,23836.53,Pune,0
37,58153.2,Mumbai,0
23,152752.68,Pune,0
60,19507.22,Pune,0
40,28183.57,Pune,0
67,119577.98,Delhi,0
34,125247.57,Mumbai,1
72,97235.28,Mumbai,0
78,27950.1,Delhi,1
21,39447.33,Bangalore,0
33,14138.31,Pune,1
19,6406.08,Bangalore,1
37,712.62,Delhi,0
34,128233.15,Bangalore,1
21,45045.81,Pune,0
38,70308.26,Mumbai,0
70,19190.37,Delhi,1
34,12140.44,Bangalore,1
19,33970.93,Bangalore,1
29,103620.7,Delhi,0
59,4225.75,Pune,1
35,32141.63,Delhi,1
35,25590.04,Bangalore,1
63,55691.39,Bangalore,0
21,102165.86,Delhi,0
40,60703.94,Pune,1
78,100364.18,Bangalore,0
54,26027.41,Delhi,1
18,31543.78,Bangalore,1
52,23411.44,Mumbai,1
38,76257.29,Bangalore,0
68,9638.53,Mumbai,0
63,59489.65,Mumbai,0
59,33818.47,Mumbai,1
46,25562.92,Mumbai,0
68,3624.91,Bangalore,1
60,50078.43,Mumbai,0
52,39606.07,Pune,1
43,51113.75,Pune,1
21,18600.89,Mumbai,0
23,8482.55,Bangalore,1
40,17364.95,Pune,1
77,20512.52,Delhi,0
35,25988.07,Delhi,1
29,3960.01,Delhi,1
30,1546.44,Pune,1
29,8351.08,Delhi,1
58,5317.73,Pune,1
46,17273.22,Pune,0
69,57857.64,Delhi,0
44,17193.31,Bangalore,1
66,32215.9,Bangalore,0
38,111285.4,Mumbai,0
36,14575.74,Delhi,1
30,16718.29,Delhi,1
46,22119.59,Pune,1
55,24821.92,Mumbai,1
36,29082.69,Bangalore,1
42,2355.24,Delhi,1
40,53036.85,Bangalore,1
76,32614.41,Delhi,1
45,129826.42,Bangalore,0
39,10302.09,Mumbai,1
79,26552.67,Mumbai,0
26,2763.02,Bangalore,1
23,62599.37,Mumbai,1
49,50196.92,Bangalore,0
43,13560.22,Bangalore,1
28,5956.14,Delhi,1
74,7515.64,Pune,1
20,17945.55,Delhi,1
53,8944.66,Pune,0
31,107724.2,Pune,0
40,59801.58,Bangalore,1
74,83073.65,Mumbai,0
64,5125.35,Pune,0
20,53522.06,Pune,1
78,57727.62,Mumbai,0
54,36947.15,Bangalore,1
64,30454.05,Bangalore,1
55,19905.86,Delhi,0
74,155741.87,Delhi,0
70,40150.8,Delhi,0
52,18726.82,Mumbai,1
24,43623.77,Pune,0
36,17277.96,Mumbai,1
39,90450.39,Pune,0
26,797.91,Pune,1
25,125924.89,Pune,0
76,1644.09,Pune,0
23,13370.9,Delhi,1
30,119932.91,Delhi,0
77,36625.29,Delhi,1
67,38845.82,Bangalore,0
29,30530.69,Mumbai,1
54,10314.93,Mumbai,1
66,67920.03,Delhi,0
43,48904.91,Bangalore,1
36,46145.95,Delhi,1
37,478.67,Delhi,1
33,76819.56,Delhi,1
19,48032.43,Mumbai,0
50,49725.22,Pune,0
74,7099.19,Mumbai,0
30,1312.34,Bangalore,1
52,62496.39,Pune,1
66,39521.96,Mumbai,1
65,84429.84,Delhi,0
45,37139.04,Bangalore,1
58,107838.44,Bangalore,0
64,63995.96,Pune,1
73,380117.17,Mumbai,0
51,72032.89,Bangalore,0
24,51117.68,Mumbai,1
35,28566.27,Bangalore,0
60,43847.49,Pune,1
18,57287.02,Mumbai,1
61,60489.24,Pune,1
71,1313.95,Bangalore,0
47,58037.62,Pune,0
24,33625.33,Mumbai,1
29,4707.62,Delhi,1
49,132685.17,Delhi,0
45,74821.16,Delhi,0
30,26958.57,Delhi,0
19,99448.52,Delhi,1
79,24598.52,Delhi,1
62,42277.94,Pune,0
30,10666.48,Delhi,1
79,58286.68,Delhi,0
50,27771.77,Bangalore,0
70,6344.57,Mumbai,1
36,41451.29,Pune,1
48,24520.38,Mumbai,0
26,8507.77,Bangalore,1
62,2090.85,Pune,1
71,140567.38,Delhi,0
37,26445.97,Pune,0
42,102490.78,Bangalore,0
39,2895.85,Mumbai,1
53,63442.06,Pune,1
41,131039.49,Bangalore,0
44,12307.52,Delhi,0
66,15104.63,Delhi,1
71,19172.77,Mumbai,0
39,144185.8,Bangalore,0
75,10544.2,Bangalore,0
55,45567.65,Bangalore,0
62,43441.35,Delhi,0
67,4613.07,Delhi,1
18,16384.5,Delhi,1
75,42794.39,Delhi,0
78,125312.09,Delhi,0
61,15942.19,Bangalore,0
47,57510.25,Pune,0
51,59128.5,Mumbai,1
52,4924.09,Delhi,0
68,203766.89,Mumbai,0
23,19614.97,Pune,1
42,32770.19,Pune,1
52,121705.48,Mumbai,0
46,18821.7,Delhi,1
35,955.83,Delhi,1
71,15575.74,Mumbai,1
58,5078.6,Delhi,0
21,71102.15,Mumbai,0
38,10683.44,Delhi,1
69,18925.86,Delhi,0
30,109503.64,Pune,0
66,28576.03,Pune,0
29,125481.96,Mumbai,0
78,27152.72,Bangalore,0
25,37073.56,Mumbai,0
35,57051.16,Delhi,0
19,60455.6,Bangalore,1
54,8691.55,Mumbai,0
33,56871.09,Bangalore,0
73,111472.92,Bangalore,0
52,83460.06,Bangalore,0
19,52849.58,Delhi,1
70,27928.9,Pune,0
69,31367.87,Pune,0
65,27948.28,Delhi,0
68,21286.31,Delhi,0
24,22776.24,Mumbai,1
58,81161.59,Pune,0
55,83870.33,Mumbai,1
53,5045.42,Mumbai,1
21,10464.92,Bangalore,1
77,55459.9,Mumbai,0
22,39506.25,Delhi,1
42,84419.21,Pune,0
61,2583.4,Delhi,1
42,41682.8,Bangalore,0
42,58299.59,Delhi,0
40,332769.34,Pune,0
39,50376.35,Mumbai,0
49,25454.73,Delhi,0
30,35909.15,Bangalore,0
61,27284.66,Mumbai,0
74,32493.9,Delhi,0
45,28835.94,Bangalore,1
76,8820.84,Mumbai,0
44,39003.2,Mumbai,0
78,45542.04,Bangalore,0
29,19503.15,Mumbai,1
34,34162.84,Delhi,0
52,20536.34,Pune,0
44,76349.11,Delhi,1
31,60446.92,Bangalore,1
56,22792.11,Mumbai,0
56,53159.04,Mumbai,1
29,16564.75,Pune,1
78,55650.68,Pune,0
35,101818.8,Mumbai,0
45,14589.63,Bangalore,0
60,15489.61,Delhi,0
27,27120.52,Delhi,1
76,39112.35,Delhi,0
79,41845.96,Mumbai,0
74,10264.46,Mumbai,1
42,47909.61,Delhi,1
62,60610.24,Mumbai,0
48,20187.32,Bangalore,1
21,93569.15,Bangalore,0
72,74737.57,Bangalore,0
20,82629.22,Pune,1
61,56235.72,Delhi,0
51,80822.94,Mumbai,0
46,4255.82,Mumbai,1
28,16572.02,Bangalore,0
71,51984.55,Bangalore,0
53,105945.8,Bangalore,0
33,3413.21,Delhi,0
29,326246.63,Delhi,0
29,34435.85,Pune,1
26,53256.62,Pune,1
58,5623.99,Bangalore,1
53,26524.32,Delhi,0
41,86619.15,Delhi,1
47,177961.29,Mumbai,0
51,28443.02,Delhi,1
30,34705.59,Bangalore,0
64,19181.31,Bangalore,1
71,96706.49,Mumbai,0
47,8.43,Pune,0
64,80068.44,Mumbai,0
76,37248.67,Mumbai,0
65,6931.39,Mumbai,0
27,97054.99,Pune,0
23,26175.37,Pune,1
70,95428.4,Pune,0
52,98854.46,Bangalore,0
66,59833.93,Pune,0
64,6143.62,Bangalore,1
25,18422.28,Bangalore,1
42,89270.61,Pune,0
52,43667.55,Bangalore,0
59,9158.09,Bangalore,0
66,43034.38,Mumbai,0
73,46090.77,Pune,1
43,109609.05,Mumbai,1
51,19418.42,Pune,1
48,17281.49,Bangalore,1
26,57628.68,Mumbai,1
64,19626.07,Delhi,0
32,48112.38,Mumbai,0
71,22521.56,Pune,0
66,73922.96,Pune,1
42,81211.12,Pune,1
66,37661.39,Pune,0
69,4562.35,Pune,1
25,19992.57,Pune,1
68,68725.67,Bangalore,0
53,4990.38,Delhi,1
25,19774.29,Bangalore,1
57,43610.7,Pune,0
59,39697.59,Bangalore,0
44,30309.98,Delhi,1
69,15724.71,Delhi,0
35,123936.67,Mumbai,0
69,17625.6,Delhi,0
26,46587.99,Mumbai,1
43,13975.12,Bangalore,1
72,59544.91,Mumbai,0
31,2274.39,Mumbai,1
73,2734.28,Pune,0
28,72883.77,Pune,1
20,11229.64,Pune,1
70,40448.91,Bangalore,0
75,19374.26,Pune,1
38,16645.99,Pune,1
78,167720.19,Delhi,0
67,12858.0,Bangalore,1
48,40879.15,Mumbai,1
55,24495.36,Mumbai,1
42,72681.05,Pune,1
31,97701.47,Delhi,0
74,18211.86,Mumbai,0
44,37325.02,Mumbai,0
33,32488.53,Mumbai,0
68,50649.03,Mumbai,0
65,20388.96,Pune,1
71,90550.49,Bangalore,0
55,32717.73,Delhi,0
39,97504.11,Bangalore,1
50,11233.41,Mumbai,1
66,11856.19,Delhi,0
60,35031.26,Pune,0
21,103.86,Delhi,1
70,51045.86,Delhi,1
50,108203.57,Bangalore,1
75,6213.06,Bangalore,0
26,123477.24,Mumbai,0
68,36788.71,Bangalore,0
77,81079.12,Pune,0
65,116187.59,Delhi,0
61,54724.71,Mumbai,1
58,152931.77,Mumbai,0
39,2698.4,Delhi,1
59,22332.49,Bangalore,0
77,6432.91,Pune,1
59,23562.31,Delhi,1
24,73893.62,Mumbai,0
42,18213.55,Delhi,1
45,16463.0,Delhi,0
69,173991.89,Delhi,0
37,36798.98,Bangalore,1
39,99633.57,Delhi,0
79,25325.17,Mumbai,0
37,3956.64,Delhi,1
23,137443.76,Bangalore,0
34,14274.85,Mumbai,0
50,77898.76,Bangalore,0
78,34360.55,Pune,0
31,69212.45,Pune,0
35,122206.76,Mumbai,1
61,15567.12,Bangalore,0
63,174801.54,Delhi,1
47,9440.05,Delhi,0
31,23525.99,Pune,0
70,34922.09,Delhi,1
56,121750.3,Bangalore,0
62,16642.01,Pune,1
74,51246.75,Bangalore,0
65,75507.59,Mumbai,0
34,80419.04,Bangalore,0
37,18957.72,Mumbai,0
27,8302.56,Mumbai,1
27,27600.4,Delhi,1
36,32172.89,Pune,1
41,53903.3,Mumbai,0
58,36184.69,Pune,1
20,8775.07,Mumbai,0
32,101008.37,Bangalore,1
33,35597.33,Delhi,0
41,15017.88,Pune,1
56,40513.13,Pune,1
32,15480.56,Pune,1
30,11472.96,Mumbai,1
52,90048.51,Bangalore,0
20,27605.0,Mumbai,1
77,72128.71,Mumbai,0
52,5292.6,Pune,0
60,14169.56,Mumbai,0
66,40216.88,Mumbai,1
22,17952.9,Mumbai,1
29,16760.1,Delhi,1
18,88739.73,Delhi,1
75,34989.2,Mumbai,0
22,17694.55,Delhi,1
39,87046.18,Bangalore,0
26,169655.43,Delhi,0
50,186957.73,Delhi,0
30,73942.68,Bangalore,1
57,16233.69,Delhi,0
51,2653.59,Delhi,1
52,15659.66,Delhi,0
63,97658.69,Delhi,0
54,10936.25,Bangalore,0
66,73883.15,Bangalore,0
24,288560.25,Pune,0
38,2703.45,Bangalore,1
49,14899.2,Bangalore,0
54,1512.71,Bangalore,0
64,17650.88,Mumbai,1
27,97906.86,Mumbai,0
26,12104.88,Mumbai,1
57,9180.14,Mumbai,0
75,136819.87,Delhi,0
26,26470.72,Bangalore,1
21,52572.63,Bangalore,0
64,103679.38,Pune,0
66,13408.21,Mumbai,0
44,42142.61,Pune,0
41,10637.81,Bangalore,0
77,6576.89,Mumbai,1
36,3471.71,Mumbai,1
21,8394.36,Pune,1
70,74809.38,Bangalore,0
59,135590.56,Pune,0
68,26204.85,Delhi,0
18,37350.01,Pune,1
55,172963.87,Mumbai,0
75,38843.99,Delhi,1
41,3411.99,Delhi,0
58,33091.38,Mumbai,1
66,155318.65,Pune,0
65,25084.63,Mumbai,1
27,137815.25,Delhi,0
72,60577.16,Delhi,1
42,4557.15,Mumbai,1
49,13208.89,Bangalore,1
44,18422.83,Pune,1
65,117314.99,Pune,0
27,31949.75,Pune,1
40,7895.08,Delhi,0
43,63577.1,Bangalore,0
79,217976.01,Bangalore,0
40,1256.97,Pune,1
62,43926.17,Pune,1
26,18905.32,Pune,1
58,9289.59,Pune,1
27,152969.29,Mumbai,1
78,4683.75,Mumbai,0
77,49425.32,Mumbai,1
48,61126.03,Delhi,1
22,21673.17,Mumbai,0
33,15680.65,Mumbai,1
25,22793.93,Bangalore,1
71,40396.17,Pune,0
77,1326.14,Delhi,0
33,122244.83,Mumbai,1
76,199779.78,Pune,0
62,29808.44,Delhi,0
38,53246.02,Bangalore,1
57,116158.55,Mumbai,1
24,74648.08,Bangalore,1
79,22254.37,Pune,1
55,30659.31,Pune,1
68,3500.53,Bangalore,1
45,4383.58,Pune,1
64,354669.26,Pune,0
77,212622.63,Bangalore,0
65,104595.39,Delhi,0
25,56074.26,Delhi,0
32,91507.06,Pune,0
66,26909.05,Bangalore,0
33,86449.43,Pune,1
19,9689.65,Bangalore,1
21,3504.57,Mumbai,0
30,63869.76,Pune,1
32,2999.96,Mumbai,1
36,111886.22,Pune,0
73,10549.28,Delhi,0
28,60442.22,Bangalore,0
51,109177.13,Delhi,0
67,76482.1,Pune,0
77,158936.85,Delhi,0
28,27682.14,Mumbai,1
69,14234.95,Delhi,0
46,13649.44,Pune,0
20,63635.42,Bangalore,1
26,42664.91,Mumbai,0
18,8073.06,Mumbai,0
66,32476.47,Pune,1
45,64308.52,Bangalore,1
59,80294.73,Mumbai,0
23,84806.16,Mumbai,1
21,23143.44,Pune,0
76,15358.58,Mumbai,0
29,24710.05,Bangalore,0
20,138090.89,Pune,0
56,26021.4,Pune,1
33,60315.64,Pune,1
44,107792.76,Mumbai,0
21,47692.79,Mumbai,1
36,21262.11,Bangalore,1
54,58324.16,Delhi,0
57,41610.05,Mumbai,0
20,36919.92,Mumbai,1
72,85416.45,Pune,1
66,113427.56,Bangalore,0
47,92350.33,Delhi,0
29,18252.6,Pune,0
31,55858.1,Bangalore,1
39,1010.67,Bangalore,0
51,16508.19,Delhi,0
22,195308.86,Mumbai,0
54,65651.82,Pune,0
46,32645.47,Pune,1
30,20268.25,Bangalore,0
79,18213.87,Pune,0
63,11166.78,Delhi,1
54,51588.8,Mumbai,1
51,15219.3,Pune,0
66,33699.54,Mumbai,1
58,57163.42,Bangalore,1
20,54219.32,Delhi,1
46,29062.67,Mumbai,0
58,33433.16,Delhi,1
45,121147.61,Mumbai,0
64,25451.0,Bangalore,0
31,14394.08,Delhi,0
36,55066.3,Mumbai,1
73,90646.66,Delhi,0
38,63335.65,Mumbai,0
30,51623.02,Bangalore,1
36,106746.89,Bangalore,0
33,21862.31,Bangalore,0
55,150128.71,Pune,0
40,6012.53,Pune,1
35,676.29,Pune,0
78,20888.26,Bangalore,1
26,3884.91,Delhi,1
52,211317.47,Pune,0
78,21260.07,Delhi,1
27,63979.19,Pune,1
60,65888.93,Pune,0
70,14681.44,Mumbai,1
58,9127.03,Mumbai,1
36,20900.61,Mumbai,0
65,73063.79,Mumbai,0
19,31986.43,Mumbai,0
52,57051.62,Delhi,1
63,17654.21,Mumbai,0
46,14376.96,Delhi,0
77,8829.88,Bangalore,1
41,82712.3,Delhi,0
73,106900.02,Bangalore,0
30,11576.24,Mumbai,0
20,34145.19,Bangalore,1
36,83747.88,Bangalore,0
46,19707.83,Bangalore,0
53,35073.04,Pune,0
29,29355.16,Pune,1
26,140678.14,Delhi,0
36,7327.25,Delhi,1
52,50134.24,Bangalore,1
29,20530.15,Mumbai,1
59,26541.33,Mumbai,0
66,50828.8,Bangalore,0
39,26310.48,Bangalore,0
35,77532.19,Mumbai,1
45,4525.94,Delhi,1
77,49612.59,Bangalore,0
44,85980.01,Mumbai,1
50,34859.02,Mumbai,1
25,84218.88,Bangalore,1
53,9739.01,Bangalore,0
29,6038.41,Bangalore,1
66,30913.59,Delhi,0
37,37920.72,Bangalore,1
60,71085.51,Pune,0
46,46625.04,Delhi,1
71,7440.25,Delhi,1
65,96935.37,Delhi,1
25,152664.38,Bangalore,0
33,86423.58,Mumbai,1
48,78904.48,Pune,1
62,6591.41,Bangalore,0
51,61727.04,Mumbai,1
58,38326.39,Mumbai,0
24,101449.25,Mumbai,1
58,34521.58,Delhi,0
63,7506.14,Bangalore,1
47,120.63,Mumbai,0
46,27181.53,Pune,0
49,8209.21,Pune,0
56,10350.63,Mumbai,0
67,552.35,Delhi,1
71,2866.8,Pune,1
27,27265.91,Pune,0
61,12121.14,Pune,0
65,59342.55,Delhi,1
65,2426.41,Mumbai,1
40,21953.45,Bangalore,0
36,5569.42,Bangalore,1
24,9662.38,Pune,1
45,1884.32,Pune,1
30,55572.97,Mumbai,0
75,41933.42,Mumbai,0
62,215402.57,Mumbai,0
42,63337.87,Delhi,1
37,40148.72,Bangalore,0
47,77908.14,Pune,1
44,3054.34,Mumbai,0
26,33818.89,Delhi,1
46,56664.08,Delhi,1
59,82654.96,Pune,0
40,80731.0,Bangalore,0
32,157029.5,Pune,1
47,7985.16,Bangalore,1
28,21358.4,Mumbai,1
31,45322.06,Pune,1
71,7312.01,Mumbai,0
67,2449.47,Mumbai,0
28,29803.36,Mumbai,0
31,32870.3,Pune,1
54,102302.43,Delhi,0
65,214674.06,Bangalore,0
34,9425.42,Bangalore,1
73,14243.01,Delhi,1
48,110936.33,Mumbai,0
22,2311.44,Delhi,1
74,18404.58,Pune,1
79,284273.06,Bangalore,0
65,12575.11,Delhi,0
68,39637.53,Mumbai,1
65,46715.8,Delhi,1
37,60738.04,Mumbai,0
23,28514.25,Pune,1
60,4369.46,Bangalore,1
24,72749.75,Delhi,0
54,37200.04,Mumbai,0
65,16496.66,Mumbai,1
37,5191.01,Pune,1
47,194096.16,Mumbai,0
46,78812.72,Mumbai,0
70,43060.62,Bangalore,0
38,18817.53,Bangalore,0
41,197568.73,Delhi,0
54,37132.29,Mumbai,1
57,39527.94,Delhi,1
39,42444.51,Bangalore,1
34,73840.02,Delhi,0
46,16386.85,Mumbai,1
42,5121.54,Mumbai,1
25,248825.06,Bangalore,0
48,80356.48,Bangalore,0
49,58973.31,Bangalore,1
28,63286.49,Delhi,0
43,212978.05,Bangalore,0
41,7434.16,Bangalore,1
19,247.15,Bangalore,1
40,76866.18,Pune,0
19,1632.81,Mumbai,0
32,26085.35,Pune,1
33,66024.79,Delhi,0
65,82903.22,Pune,0
37,27891.99,Bangalore,0
55,37142.68,Mumbai,0
59,41319.75,Pune,0
44,2113.14,Bangalore,0
68,31156.06,Pune,1
53,9684.75,Delhi,1
43,7481.54,Delhi,1
45,43208.8,Bangalore,0
23,7144.25,Mumbai,1
38,45365.01,Pune,0
36,15896.03,Mumbai,1
31,80765.04,Bangalore,0
27,7682.61,Pune,1
61,112572.47,Mumbai,0
79,148678.93,Pune,0
18,7275.31,Delhi,1
19,597.67,Pune,1
24,42813.44,Bangalore,1
68,8586.51,Mumbai,0
53,26503.82,Delhi,1
21,82996.29,Bangalore,0
35,44129.71,Mumbai,1
18,59510.95,Delhi,1
35,36654.02,Pune,1
56,27482.28,Mumbai,0
65,19019.48,Mumbai,1
79,6633.73,Pune,0
79,34374.89,Pune,0
68,42746.28,Delhi,1
50,62809.05,Bangalore,0
25,114742.26,Delhi,0
18,27992.8,Pune,0
52,63579.83,Pune,1
55,33125.72,Mumbai,0
46,30120.67,Delhi,1
64,84987.13,Delhi,0
75,38753.32,Bangalore,0
29,177043.06,Mumbai,0
33,83210.81,Mumbai,1
33,4632.61,Delhi,1
69,62889.92,Pune,1
30,32095.87,Pune,0
51,52377.79,Delhi,1
66,40562.86,Mumbai,0
53,7738.31,Bangalore,1
75,12583.14,Delhi,0
70,92273.42,Bangalore,0
67,83802.13,Pune,1
71,1632.8,Bangalore,0
41,10828.2,Delhi,1
52,80420.59,Pune,0
66,4004.3,Mumbai,0
57,679.95,Pune,0
51,33147.92,Mumbai,1
28,35706.67,Mumbai,1
43,57559.78,Mumbai,0
42,22317.6,Delhi,1
46,13585.89,Delhi,0
54,40559.75,Delhi,0
26,76466.62,Pune,0
78,60650.21,Bangalore,0
78,16579.36,Pune,0
42,138577.6,Delhi,0
69,52142.72,Bangalore,0
74,41211.96,Bangalore,0
30,20052.45,Mumbai,1
33,10035.72,Delhi,1
57,31933.94,Bangalore,0
20,3568.11,Bangalore,1
24,10343.94,Pune,1
47,3008.88,Mumbai,1
23,36470.82,Mumbai,0
62,13666.39,Mumbai,1
27,89711.33,Delhi,1
55,54109.27,Pune,1
53,68230.42,Bangalore,0
77,15500.69,Delhi,0
37,73259.4,Delhi,1
78,3761.25,Pune,1
69,24891.24,Bangalore,0
75,30419.97,Delhi,0
55,26448.77,Pune,0
35,1775.53,Mumbai,1
71,10964.24,Pune,1
23,13322.74,Pune,0
77,12336.81,Delhi,1
31,24301.14,Delhi,0
25,12865.48,Mumbai,1
29,95566.93,Mumbai,0
38,32643.11,Pune,0
35,28776.07,Mumbai,1
42,42450.77,Delhi,1
70,8243.99,Mumbai,0
40,26148.5,Delhi,0
62,15472.78,Mumbai,0
32,14308.68,Bangalore,1
47,11006.67,Delhi,1
61,167443.53,Pune,0
28,41766.2,Pune,0
29,47567.87,Mumbai,1
39,47211.73,Bangalore,1
61,25261.17,Mumbai,1
67,12841.92,Pune,0
42,85610.74,Mumbai,1
78,28847.97,Pune,0
50,6600.28,Pune,1
54,128564.57,Bangalore,0
58,23211.83,Pune,1
65,142294.57,Mumbai,0
58,18315.49,Bangalore,0
37,36174.66,Bangalore,1
32,56348.62,Delhi,0
70,12965.82,Pune,1
46,95225.57,Bangalore,0
38,62866.48,Pune,1
38,188957.29,Mumbai,1
56,112427.28,Bangalore,0
78,1004.54,Bangalore,0
61,89616.21,Mumbai,0
57,28756.25,Bangalore,1
69,156858.87,Mumbai,0
38,12277.47,Delhi,0
66,466.7,Mumbai,0
33,73253.18,Pune,1
46,37894.43,Mumbai,1
18,15842.56,Bangalore,1
64,2657.98,Bangalore,0
22,44254.79,Delhi,1
30,5231.44,Delhi,0
68,21001.87,Pune,1
33,104036.46,Bangalore,0
32,73734.07,Mumbai,1
25,36613.48,Bangalore,1
57,91005.65,Pune,0
56,12947.51,Mumbai,0
76,7521.47,Delhi,0
44,57380.24,Pune,0
25,112489.65,Bangalore,0
46,39092.11,Pune,1
75,32295.39,Pune,0
38,1375.04,Pune,1
29,18356.82,Bangalore,1
65,46092.02,Delhi,0
72,58248.37,Delhi,0
25,575.04,Bangalore,1
63,71423.16,Mumbai,1
74,30072.94,Pune,1
68,128929.98,Mumbai,0
65,107990.4,Bangalore,1
40,25521.08,Pune,1
49,70854.34,Pune,0
35,53573.8,Delhi,1
79,39007.56,Pune,0
54,14074.67,Bangalore,1
48,796.12,Delhi,0
56,18188.97,Mumbai,0
74,149027.55,Mumbai,0
71,99264.21,Pune,1
28,37000.47,Pune,1
25,8680.89,Mumbai,1
60,45803.58,Bangalore,0
43,29284.82,Mumbai,0
39,31210.47,Delhi,1
31,208830.39,Pune,0
68,424.29,Bangalore,0
40,143772.86,Pune,0
55,16150.44,Pune,1
34,55837.66,Pune,0
56,63375.6,Bangalore,1
25,96535.67,Bangalore,0
52,134471.17,Bangalore,0
36,121494.86,Bangalore,0
44,5576.84,Mumbai,0
79,24445.75,Mumbai,1
68,66289.28,Bangalore,0
60,54925.75,Bangalore,0
55,112232.42,Mumbai,0
54,122006.57,Bangalore,0
36,41129.18,Bangalore,1
67,33725.55,Pune,1
39,32720.14,Pune,0
57,231232.82,Mumbai,0
59,145256.37,Mumbai,0
46,17661.57,Mumbai,1
43,160560.13,Bangalore,0
50,64886.37,Pune,0
19,65469.4,Bangalore,1
21,138276.22,Mumbai,1
27,85869.44,Pune,1
64,55742.37,Pune,0
53,3274.95,Delhi,1
40,51383.82,Pune,0
22,12094.65,Mumbai,1
69,32611.18,Delhi,1
25,93897.48,Delhi,1
43,49596.77,Mumbai,1
67,5209.99,Delhi,1
60,20950.24,Delhi,1
52,50669.92,Delhi,0
45,3251.22,Delhi,1
38,35802.05,Pune,0
27,5517.45,Pune,1
20,28340.27,Bangalore,1
50,18355.48,Delhi,1
48,23336.0,Pune,1
77,62009.51,Pune,1
44,21757.59,Pune,0
33,34646.27,Bangalore,1
45,13264.36,Mumbai,0
29,28363.45,Delhi,0
28,62277.94,Delhi,0
70,11454.8,Pune,0
56,27462.62,Mumbai,1
41,62334.13,Mumbai,1
21,64178.37,Bangalore,1
49,23132.69,Pune,0
39,185212.64,Delhi,0
52,57770.51,Delhi,0
55,33513.98,Pune,0
54,11428.59,Pune,0
23,24846.77,Mumbai,1
68,59173.55,Pune,1
20,11947.61,Bangalore,1
43,75490.28,Bangalore,0
27,1863.04,Mumbai,1
49,17493.69,Bangalore,0
53,33315.52,Delhi,1
23,97377.93,Mumbai,0
79,11379.73,Pune,1
72,64915.68,Delhi,1
32,40751.21,Pune,0
59,33571.55,Pune,0
22,11531.69,Bangalore,1
38,7196.73,Bangalore,1
32,144659.79,Delhi,0
29,65858.04,Mumbai,1
79,3336.34,Mumbai,1
50,6138.46,Bangalore,1
47,83963.06,Bangalore,1
28,43046.84,Mumbai,1
54,116010.71,Delhi,1
40,2416.21,Bangalore,1
33,209339.32,Delhi,0
52,44575.69,Bangalore,1
20,20119.95,Pune,1
48,32919.26,Pune,1
35,667.4,Delhi,0
52,166045.42,Bangalore,0
28,22787.5,Bangalore,1
79,46908.75,Pune,0
27,19795.65,Pune,1
31,2811.81,Bangalore,0
65,8290.0,Bangalore,0
45,91535.35,Pune,0
62,34773.27,Bangalore,1
21,32577.75,Delhi,1
23,760.9,Pune,0
68,22847.94,Delhi,0
54,60958.24,Mumbai,0
54,79841.6,Delhi,1
73,1491.85,Delhi,0
75,127732.91,Delhi,0
74,14608.19,Pune,0
58,17674.3,Delhi,0
60,55197.68,Delhi,0
47,27575.7,Bangalore,1
37,10719.41,Pune,1
50,136728.69,Delhi,0
50,36797.09,Delhi,1
45,64878.92,Pune,1
52,48840.39,Mumbai,1
38,171270.36,Mumbai,0
44,7576.8,Delhi,0
55,12136.54,Mumbai,0
71,8086.54,Pune,0
43,20741.85,Delhi,1
34,8094.87,Bangalore,0
68,1040.16,Mumbai,1
21,47089.46,Pune,1
71,33302.77,Delhi,0
47,38725.63,Bangalore,0
38,56190.88,Mumbai,0
18,33779.52,Mumbai,1
60,44888.37,Bangalore,0
71,40721.08,Mumbai,0
44,11799.15,Bangalore,1
48,9750.22,Pune,1
33,52753.83,Delhi,1
31,18539.25,Delhi,1
79,129102.63,Pune,0
78,18016.17,Delhi,0
32,15230.27,Mumbai,1
69,25183.73,Pune,1
58,9767.2,Pune,1
71,140482.81,Mumbai,0
65,103181.96,Mumbai,0
21,18792.97,Mumbai,1
61,84077.03,Mumbai,1
76,3241.95,Pune,1
23,95286.4,Bangalore,1
39,43987.39,Delhi,0
35,137033.15,Mumbai,0
63,66314.4,Delhi,0
60,25274.14,Delhi,0
33,17265.26,Delhi,1
33,14316.85,Delhi,0
46,202604.54,Pune,0
78,84557.62,Bangalore,1
67,33309.31,Bangalore,1
45,36771.02,Delhi,0
45,43931.33,Bangalore,0
52,35541.48,Pune,1
35,47801.63,Mumbai,0
49,52261.61,Delhi,1
38,33434.57,Bangalore,0
44,31190.41,Mumbai,1
78,52241.29,Bangalore,0
46,105590.59,Mumbai,0
32,129406.13,Mumbai,0
74,18147.21,Delhi,1
62,12886.07,Delhi,0
19,108956.38,Bangalore,1
26,10920.73,Mumbai,1
78,32079.26,Delhi,0
34,38652.09,Delhi,1
25,26937.99,Delhi,0
77,109895.09,Pune,0
44,30193.04,Pune,0
55,15951.36,Bangalore,0
60,2097.97,Pune,1
54,12090.0,Mumbai,1
67,65630.53,Bangalore,1
35,8947.17,Delhi,1
58,70767.79,Pune,0
35,74152.12,Bangalore,1
48,236971.39,Pune,0
28,56724.76,Bangalore,0
73,8829.62,Bangalore,0
57,42938.48,Bangalore,1
44,19366.84,Mumbai,1
26,4329.28,Pune,0
33,178753.04,Delhi,0
45,22984.7,Bangalore,1
66,67411.63,Bangalore,1
48,3843.02,Mumbai,0
52,16568.65,Mumbai,0
36,24781.29,Pune,0
26,63899.22,Delhi,0
36,133643.47,Pune,1
38,9490.03,Bangalore,1
24,61359.11,Delhi,0
23,66183.98,Delhi,1
19,133560.87,Mumbai,1
51,18014.52,Delhi,1
43,25890.42,Delhi,1
27,13024.18,Bangalore,1
64,34240.83,Bangalore,0
62,44570.2,Mumbai,0
74,9351.39,Bangalore,0
52,8752.81,Bangalore,1
73,8822.81,Delhi,0
78,12052.76,Bangalore,0
44,14755.14,Pune,1
18,160463.88,Delhi,0
43,53999.02,Pune,0
62,78590.26,Delhi,0
38,64984.06,Pune,1
30,17030.41,Bangalore,1
31,11333.33,Pune,1
20,59724.38,Delhi,1
59,30637.29,Delhi,0
56,68512.45,Pune,0
61,5477.03,Pune,1
51,58599.43,Pune,0
35,53216.69,Delhi,0
36,203722.26,Mumbai,0
71,24396.45,Delhi,1
49,29439.07,Delhi,1
56,29783.46,Pune,0
21,17522.97,Pune,1
22,30753.27,Delhi,0
44,367.57,Bangalore,1
78,905.21,Mumbai,1
53,29732.0,Bangalore,1
78,114203.02,Mumbai,0
72,1240.31,Pune,0
66,66094.19,Bangalore,0
70,1441.3,Pune,1
79,24071.86,Pune,0
67,63206.49,Pune,0
40,78426.91,Delhi,0
75,57496.78,Delhi,1
26,120328.53,Delhi,0
43,3919.02,Delhi,0
73,36833.73,Mumbai,0
45,33073.71,Pune,1
24,21441.4,Delhi,0
18,14008.94,Pune,1
19,96254.78,Delhi,1
46,59098.25,Pune,1
27,25035.51,Delhi,1
49,84164.69,Delhi,0
52,111571.31,Bangalore,0
52,87377.26,Pune,0
79,106.64,Delhi,0
77,992.45,Bangalore,1
19,3599.15,Pune,1
23,16030.34,Pune,1
51,59869.97,Pune,0
37,7377.43,Delhi,1
19,4531.24,Mumbai,0
44,35013.59,Pune,0
43,215155.88,Mumbai,0
69,8825.44,Pune,1
19,53885.09,Pune,1
58,47341.52,Mumbai,1
69,34392.54,Delhi,0
67,3188.75,Bangalore,0
27,6798.62,Mumbai,0
24,10090.7,Mumbai,1
30,55546.03,Delhi,1
38,23145.02,Delhi,0
23,11678.77,Delhi,1
19,38932.56,Bangalore,1
56,131159.69,Mumbai,0
75,11409.39,Bangalore,0
63,59861.72,Mumbai,0
62,19707.48,Delhi,1
31,64706.07,Pune,0
40,2983.79,Pune,0
60,101362.09,Mumbai,0
49,81111.25,Pune,0
52,49100.88,Mumbai,0
18,16489.31,Pune,0
26,8208.16,Delhi,0
66,1138.51,Bangalore,1
63,17256.03,Bangalore,1
74,11451.14,Mumbai,0
44,49428.85,Mumbai,0
33,53738.15,Pune,1
35,13669.5,Delhi,0
61,21047.47,Bangalore,0
57,101590.14,Bangalore,0
49,28608.87,Pune,0
46,6896.85,Bangalore,0
59,22219.82,Delhi,0
21,33706.72,Delhi,1
53,134797.15,Mumbai,1
54,12896.65,Bangalore,1
50,5481.05,Bangalore,1
18,152205.01,Pune,0
54,85058.54,Pune,0
18,22915.74,Pune,1
24,2953.26,Mumbai,1
65,16194.44,Mumbai,1
23,36637.8,Delhi,0
40,1176.72,Pune,0
37,127651.04,Delhi,0
20,32495.33,Pune,1
23,30445.03,Mumbai,0
60,66595.74,Bangalore,1
41,3949.44,Delhi,1
55,71698.01,Delhi,1
23,20306.24,Mumbai,1
60,16158.62,Mumbai,0
28,113424.47,Mumbai,0
43,16228.6,Delhi,1
61,28121.83,Bangalore,0
38,104283.1,Mumbai,0
19,15671.23,Delhi,0
55,105073.97,Mumbai,0
54,1395.74,Bangalore,1
27,131228.81,Pune,0
39,28099.51,Bangalore,1
33,21686.56,Pune,1
64,149158.44,Delhi,0
50,43812.28,Delhi,0
67,20468.73,Mumbai,1
29,20711.72,Bangalore,1
25,4075.76,Pune,1
41,26918.62,Pune,1
42,18619.77,Bangalore,1
37,10993.9,Pune,1
39,16872.03,Delhi,1
31,84656.99,Pune,0
57,40565.8,Bangalore,1
61,33673.95,Mumbai,1
38,93248.55,Bangalore,1
18,44402.02,Delhi,1
58,73527.96,Delhi,0
50,49590.88,Mumbai,1
69,14031.42,Pune,1
40,106026.79,Bangalore,0
38,115158.02,Bangalore,0
49,30004.95,Delhi,0
54,12846.0,Delhi,1
50,78027.04,Bangalore,0
68,34534.41,Bangalore,1
21,1590.9,Bangalore,1
78,102111.86,Delhi,0
57,127720.68,Delhi,0
71,9038.47,Bangalore,0
37,7950.61,Pune,0
78,3366.84,Pune,0
75,29622.13,Mumbai,0
79,32621.39,Pune,0
31,80501.44,Delhi,0
21,26903.95,Delhi,1
43,11056.25,Delhi,1
55,71653.56,Pune,0
35,38961.32,Pune,0
18,53275.7,Mumbai,1
41,36673.35,Bangalore,1
23,10053.82,Bangalore,1
26,57228.21,Pune,0
27,29396.22,Bangalore,0
55,25806.95,Pune,1
78,5409.21,Bangalore,0
25,33097.24,Pune,1
59,1118.25,Bangalore,0
51,49301.59,Delhi,0
57,70372.07,Mumbai,0
73,56992.63,Mumbai,0
21,63307.2,Mumbai,1
58,28399.36,Mumbai,1
44,3915.7,Mumbai,1
75,33569.98,Delhi,1
67,8666.24,Delhi,1
50,57657.29,Bangalore,0
45,128655.66,Pune,0
74,324256.81,Pune,0
20,8483.61,Mumbai,1
62,19973.46,Delhi,1
40,15919.07,Bangalore,0
45,68482.14,Delhi,0
19,88941.5,Mumbai,1
59,148003.68,Pune,0
34,28195.25,Bangalore,0
50,41827.97,Mumbai,0
71,32584.82,Bangalore,0
18,37.29,Delhi,1
61,15795.6,Delhi,0
52,27087.92,Mumbai,0
34,25251.08,Mumbai,1
60,28533.11,Mumbai,1
52,50674.66,Bangalore,0
55,29178.47,Bangalore,0
42,162118.33,Mumbai,0
74,12025.33,Bangalore,1
61,88643.5,Pune,0
73,42485.26,Mumbai,0
45,133417.73,Mumbai,0
70,131262.95,Pune,0
72,5250.04,Bangalore,0
18,17380.4,Pune,1
75,794.17,Mumbai,0
33,31228.67,Pune,1
71,94971.29,Delhi,0
75,7516.64,Bangalore,0
25,52310.36,Delhi,0
48,6403.87,Bangalore,0
35,12515.62,Pune,1
39,15901.22,Pune,1
74,26372.34,Delhi,0
18,24023.21,Mumbai,1
76,6011.33,Mumbai,1
45,19027.67,Delhi,1
76,38493.38,Delhi,0
44,960.32,Delhi,0
18,77231.12,Mumbai,0
27,21927.27,Pune,0
39,7999.01,Mumbai,0
25,22071.38,Delhi,0
45,18931.29,Delhi,1
61,3889.3,Bangalore,1
42,12012.38,Pune,1
53,544.82,Delhi,1
19,3957.81,Pune,1
74,107213.8,Mumbai,1
33,194186.17,Bangalore,0
69,64041.96,Delhi,0
76,192763.03,Bangalore,0
27,68233.36,Delhi,1
74,77543.22,Delhi,0
30,27255.61,Mumbai,1
26,32365.39,Pune,0
79,117800.46,Pune,0
21,13376.18,Bangalore,1
77,876.26,Mumbai,0
62,11993.17,Bangalore,1
78,43447.63,Delhi,1
28,106837.01,Delhi,0
61,26410.63,Delhi,0
36,81501.03,Mumbai,0
37,33762.42,Mumbai,1
79,164490.65,Delhi,0
25,18214.58,Mumbai,1
72,40166.39,Bangalore,1
73,816.04,Bangalore,0
27,77514.18,Pune,1
71,9834.3,Pune,0
41,78890.69,Delhi,0
46,115813.77,Mumbai,0
43,44549.23,Delhi,0
65,2272.17,Delhi,1
21,141917.3,Delhi,1
54,18177.37,Pune,1
48,85697.91,Delhi,0
44,20915.55,Pune,1
29,29576.34,Pune,1
66,112168.08,Delhi,1
68,8389.34,Mumbai,1
52,65366.58,Delhi,0
73,43055.64,Bangalore,0
69,32156.31,Mumbai,0
56,111036.91,Delhi,0
28,48236.78,Delhi,0
31,16572.87,Delhi,1
59,38872.66,Mumbai,0
50,43372.49,Mumbai,1
42,22798.2,Bangalore,0
44,17000.23,Bangalore,1
20,1800.38,Mumbai,0
75,51206.76,Bangalore,0
22,44705.8,Pune,0
75,22128.5,Bangalore,1
29,44105.12,Pune,1
51,84227.01,Delhi,0
27,42989.42,Pune,1
34,11056.9,Pune,0
19,14247.83,Delhi,1
33,52774.86,Delhi,0
23,111481.21,Delhi,0
30,44302.87,Delhi,1
26,18790.0,Bangalore,1
45,48003.05,Delhi,0
44,72979.07,Pune,0
62,53.26,Mumbai,0
34,472.31,Bangalore,1
20,25823.88,Mumbai,1
21,250539.24,Bangalore,0
62,49156.14,Bangalore,0
31,7417.34,Bangalore,1
37,12907.97,Mumbai,1
65,1832.56,Mumbai,1
40,63910.26,Delhi,0
37,2431.72,Bangalore,1
79,174147.44,Pune,0
53,81283.62,Mumbai,1
29,12203.19,Delhi,0
46,1620.93,Bangalore,1
64,50953.75,Mumbai,0
54,183199.07,Bangalore,0
42,114113.81,Delhi,0
58,101297.64,Delhi,1
71,67158.38,Pune,1
33,27131.66,Mumbai,0
67,37483.09,Bangalore,0
51,41423.64,Bangalore,0
30,11171.03,Bangalore,1
41,55818.73,Pune,0
18,3660.63,Pune,1
61,18089.28,Bangalore,1
79,84786.37,Mumbai,0
28,46787.03,Bangalore,0
79,145911.83,Delhi,0
54,50110.8,Mumbai,0
33,6261.17,Pune,1
59,41577.14,Pune,0
33,37722.39,Mumbai,0
49,15803.65,Pune,1
65,29586.32,Pune,1
21,30758.08,Delhi,1
67,56031.34,Pune,0
21,152227.24,Delhi,0
45,6579.45,Bangalore,1
32,2158.65,Delhi,1
63,166626.0,Pune,0
44,20426.03,Mumbai,1
77,15893.08,Bangalore,0
59,22481.0,Delhi,0
67,78302.21,Mumbai,0
55,48025.41,Mumbai,0
45,65166.84,Mumbai,1
31,24204.86,Mumbai,0
71,12347.52,Delhi,1
70,55321.99,Mumbai,1
38,263915.01,Mumbai,0
79,208120.65,Bangalore,0
21,108440.27,Mumbai,1
56,22498.0,Mumbai,0
18,103739.61,Delhi,1
38,51651.9,Bangalore,1
67,30484.32,Pune,0
75,11602.95,Pune,0
33,25319.82,Delhi,1
19,27064.83,Delhi,1
43,114920.78,Bangalore,0
66,72536.64,Mumbai,1
61,11571.1,Mumbai,1
18,5746.97,Pune,1
19,66909.91,Mumbai,0
29,1097.68,Delhi,0
49,860.07,Delhi,1
62,52.71,Bangalore,1
25,132617.99,Delhi,0
47,58227.92,Mumbai,0
25,125341.1,Mumbai,0
22,42483.98,Mumbai,1
53,23812.14,Pune,1
69,60926.09,Delhi,0
63,18517.35,Mumbai,1
25,137413.37,Bangalore,0
40,47139.25,Pune,0
25,2139.6,Mumbai,1
31,9113.69,Delhi,0
30,55001.05,Mumbai,1
47,33095.88,Mumbai,0
41,7741.94,Bangalore,1
43,22899.88,Delhi,0
74,76459.42,Bangalore,1
48,5704.07,Mumbai,1
68,57313.4,Bangalore,0
75,2048.73,Delhi,1
60,129.1,Mumbai,1
57,37068.98,Bangalore,0
78,73450.15,Bangalore,0
23,64818.06,Delhi,1
46,4295.65,Pune,1
25,53286.22,Mumbai,0
69,14212.59,Delhi,0
19,86252.77,Pune,1
41,39675.84,Mumbai,0
55,21026.14,Mumbai,1
72,9354.32,Mumbai,0
65,144103.66,Delhi,0
19,82905.17,Delhi,0
48,37710.01,Delhi,1
78,33484.97,Bangalore,0
43,26412.52,Bangalore,1
20,34486.21,Delhi,1
73,6282.08,Pune,0
46,96122.81,Delhi,1
19,11792.76,Bangalore,1
53,2074.45,Delhi,1
77,40239.87,Mumbai,1
22,85494.26,Pune,1
57,20264.47,Pune,1
57,48790.83,Delhi,1
69,8728.11,Bangalore,1
51,66516.06,Pune,0
65,21924.41,Pune,0
73,126134.51,Delhi,0
72,7107.3,Pune,0
33,52772.74,Pune,1
24,31361.82,Delhi,1
51,5021.96,Pune,1
37,112548.71,Pune,0
77,13667.35,Pune,1
55,8132.1,Delhi,1
49,312765.89,Delhi,0
36,51864.88,Pune,1
26,12924.93,Delhi,0
54,164728.15,Delhi,0
79,29043.02,Mumbai,0
73,43758.99,Delhi,1
34,9616.74,Mumbai,1
59,92149.62,Delhi,0
42,18627.08,Pune,0
21,6694.64,Mumbai,1
70,48331.54,Bangalore,1
25,10424.37,Mumbai,1
47,12344.81,Bangalore,1
78,20924.25,Mumbai,1
40,16253.77,Mumbai,1
22,2149.44,Mumbai,1
76,55089.44,Delhi,0
70,75897.48,Bangalore,1
61,1812.56,Pune,0
79,32197.95,Mumbai,0
27,18843.03,Delhi,0
28,54611.42,Bangalore,1
39,21978.78,Bangalore,0
61,61896.78,Delhi,1
72,26707.99,Mumbai,0
68,5574.65,Pune,0
34,18612.04,Mumbai,1
76,6546.56,Pune,0
54,35200.1,Delhi,1
70,13208.88,Pune,0
44,11364.46,Bangalore,1
64,23520.86,Delhi,0
40,71545.07,Bangalore,1
65,128890.5,Pune,0
51,40115.45,Bangalore,1
66,26384.84,Mumbai,0
63,40557.04,Pune,0
23,29560.42,Delhi,0
23,9184.56,Delhi,1
38,29921.54,Bangalore,1
44,30314.57,Bangalore,1
71,19817.59,Delhi,0
76,56831.0,Pune,0
63,20381.91,Delhi,1
30,42545.86,Bangalore,1
76,3575.78,Delhi,1
71,171392.37,Pune,0
70,7372.8,Pune,0
18,301507.58,Mumbai,0
58,46578.28,Pune,1
43,142621.39,Pune,0
51,54418.07,Delhi,0
69,30949.48,Bangalore,1
24,160315.86,Pune,1
25,11257.07,Delhi,1
44,20493.71,Bangalore,1
76,93747.17,Pune,0
77,25435.53,Delhi,0
66,25122.85,Delhi,0
20,137647.57,Delhi,0
76,1040.16,Delhi,0
77,105361.69,Delhi,0
22,84974.88,Pune,1
23,177.71,Bangalore,1
19,118239.38,Delhi,1
65,34015.28,Bangalore,0
36,54694.36,Bangalore,0
26,41995.19,Delhi,1
22,121020.15,Pune,0
37,323.59,Delhi,0
68,17322.04,Bangalore,1
36,58861.1,Mumbai,0
55,17550.86,Bangalore,0
40,27066.93,Delhi,1
26,65495.16,Delhi,0
71,26012.02,Delhi,0
30,85558.18,Bangalore,0
29,53329.22,Pune,0
67,9093.3,Mumbai,0
72,7973.43,Mumbai,0
44,3016.36,Bangalore,1
41,63860.45,Bangalore,1
41,49459.42,Mumbai,0
22,23641.86,Bangalore,1
59,30327.92,Mumbai,0
72,116260.91,Bangalore,0
48,10972.88,Pune,1
65,94567.08,Bangalore,0
49,100021.66,Pune,1
45,37865.69,Pune,0
72,12140.06,Delhi,1
58,115308.84,Pune,0
28,21632.31,Delhi,1
59,26031.81,Bangalore,0
33,17475.78,Bangalore,1
42,10972.28,Pune,1
69,3337.51,Bangalore,1
51,69576.0,Delhi,1
33,15629.4,Mumbai,1
43,10027.89,Delhi,1
34,203704.48,Mumbai,0
47,17913.18,Bangalore,0
70,32932.53,Bangalore,0
61,101883.26,Bangalore,0
56,324575.56,Mumbai,0
43,4111.92,Delhi,1
18,11999.21,Pune,1
43,81120.94,Bangalore,1
60,203187.26,Mumbai,0
65,24801.74,Pune,0
23,168981.67,Pune,0
36,46919.26,Pune,0
26,13172.07,Mumbai,0
39,52134.66,Mumbai,1
46,8915.75,Delhi,1
44,130776.65,Pune,0
32,72501.02,Pune,0
32,61696.95,Bangalore,1
22,2909.52,Mumbai,1
72,16532.52,Delhi,1
28,18294.02,Mumbai,1
42,5370.79,Bangalore,0
51,86953.78,Delhi,1
38,72856.16,Pune,1
28,64584.07,Bangalore,1
21,47055.21,Mumbai,1
54,39970.87,Pune,0
31,19972.0,Delhi,0
73,3377.32,Pune,0
55,67968.92,Pune,0
18,24765.23,Pune,1
20,24944.0,Delhi,1
45,96963.89,Delhi,0
78,63253.68,Pune,0
71,41447.27,Pune,0
79,13899.32,Pune,0
41,56344.49,Mumbai,1
26,1064.27,Mumbai,1
65,29483.03,Bangalore,0
21,12864.71,Mumbai,1
70,22952.56,Delhi,0
44,57432.31,Delhi,1
19,22306.52,Mumbai,1
34,42907.0,Bangalore,1
37,22684.1,Mumbai,1
28,18611.36,Delhi,1
52,14537.94,Delhi,1
24,122016.12,Pune,0
60,2474.45,Pune,1
48,16678.77,Delhi,1
36,15974.81,Mumbai,0
72,24237.64,Mumbai,1
60,137528.09,Delhi,0
79,35118.32,Delhi,1
33,87199.19,Delhi,0
39,43427.0,Pune,1
77,214215.9,Delhi,0
42,3861.38,Pune,0
24,41253.98,Mumbai,1
58,131170.69,Mumbai,0
58,7307.59,Pune,1
41,4073.73,Pune,0
67,109813.56,Bangalore,1
74,49326.7,Mumbai,0
30,101369.92,Mumbai,0
67,40667.33,Pune,1
59,26863.13,Delhi,0
54,5578.65,Mumbai,1
78,30794.8,Bangalore,1
58,37591.58,Mumbai,1
20,74783.3,Bangalore,0
62,116482.65,Delhi,0
55,24836.43,Delhi,0
58,52156.31,Pune,0
58,5378.02,Mumbai,0
39,644.81,Pune,1
32,8516.29,Bangalore,0
51,4955.17,Bangalore,0
50,23300.89,Delhi,0
36,33860.86,Mumbai,0
58,73926.19,Bangalore,0
35,14234.01,Pune,1
47,8899.54,Bangalore,1
59,31642.19,Pune,1
65,75230.82,Pune,0
44,35166.35,Bangalore,0
40,92146.53,Delhi,1
70,140515.56,Pune,0
51,13382.87,Delhi,1
31,33074.77,Pune,1
60,76154.89,Mumbai,0
34,24341.1,Bangalore,1
23,54145.62,Delhi,1
71,92349.36,Bangalore,0
75,102433.44,Mumbai,0
40,58531.11,Pune,1
45,48506.15,Mumbai,0
78,44077.92,Bangalore,1
21,13891.46,Delhi,1
26,13624.83,Pune,0
61,23539.07,Mumbai,1
71,29388.97,Delhi,1
44,29971.63,Mumbai,1
52,95475.3,Delhi,0
75,42366.25,Delhi,0
51,4886.47,Mumbai,0
28,28437.23,Delhi,1
51,80280.36,Mumbai,0
40,84452.76,Bangalore,0
29,41409.38,Mumbai,1
70,97402.37,Delhi,0
66,48414.69,Pune,1
20,130896.43,Mumbai,0
43,40064.78,Bangalore,1
46,52742.33,Delhi,0
56,40733.65,Delhi,0
45,67742.69,Pune,0
57,45598.98,Pune,1
50,199327.59,Pune,0
71,52668.97,Mumbai,0
18,6347.63,Bangalore,1
75,52539.79,Delhi,1
31,173707.51,Pune,0
51,39051.13,Delhi,1
59,67821.45,Bangalore,0
30,114068.0,Pune,0
63,34114.66,Bangalore,0
50,200102.34,Pune,0
59,46353.68,Pune,0
79,8155.65,Mumbai,1
76,13037.48,Mumbai,0
36,45647.31,Pune,1
51,40674.52,Delhi,1
32,109918.56,Mumbai,0
46,1479.06,Pune,1
63,18246.4,Mumbai,0
59,33502.76,Mumbai,1
73,44976.89,Pune,1
53,26481.51,Delhi,1
30,10243.08,Delhi,1
76,8207.58,Delhi,1
62,29684.55,Mumbai,0
69,63698.57,Mumbai,0
77,100331.11,Delhi,0
61,113340.11,Delhi,0
52,387.75,Bangalore,1
40,27473.55,Delhi,1
72,41958.15,Pune,0
44,30649.22,Bangalore,1
60,43597.0,Bangalore,0
77,58234.22,Bangalore,1
59,10625.88,Delhi,0
60,16092.74,Pune,0
26,28915.88,Mumbai,1
76,61916.77,Bangalore,0
32,52126.89,Delhi,0
18,9216.16,Mumbai,0
32,58818.26,Bangalore,0
43,32492.68,Mumbai,1
41,44411.75,Mumbai,1
66,323227.72,Mumbai,0
25,28250.34,Delhi,1
57,112455.01,Bangalore,0
30,10374.98,Bangalore,1
19,11047.02,Pune,1
68,5000.19,Pune,0
77,225280.4,Mumbai,0
34,9675.77,Mumbai,0
75,29246.19,Bangalore,0
21,52466.09,Delhi,1
64,75587.77,Delhi,1
28,6736.51,Delhi,0
40,63223.87,Delhi,1
33,18846.95,Delhi,1
18,41972.71,Pune,1
27,16879.24,Mumbai,0
26,762.48,Pune,1
38,9492.98,Bangalore,1
19,868.84,Mumbai,1
36,42339.87,Pune,1
22,24033.21,Mumbai,1
66,29897.49,Bangalore,1
74,108585.52,Pune,0
43,6675.08,Mumbai,1
47,14516.04,Delhi,1
64,17975.47,Delhi,1
48,92641.07,Bangalore,0
62,18659.19,Mumbai,1
71,72221.47,Delhi,1
38,61736.12,Pune,0
45,16281.79,Bangalore,1
33,9535.02,Bangalore,1
38,34916.41,Bangalore,0
77,92932.86,Delhi,0
72,295.39,Bangalore,0
58,1035.12,Delhi,1
49,4442.3,Pune,0
24,80300.18,Delhi,1
79,72673.28,Bangalore,0
65,53756.41,Bangalore,0
54,27841.93,Bangalore,1
19,8164.56,Bangalore,1
67,177352.61,Mumbai,0
56,36266.84,Pune,0
56,70977.85,Delhi,1
71,6018.64,Bangalore,1
21,88342.48,Mumbai,0
21,68986.68,Mumbai,0
63,8576.82,Bangalore,1
52,15676.75,Mumbai,0
68,163907.07,Delhi,0
21,20545.68,Mumbai,1
63,36540.07,Delhi,0
69,5242.08,Mumbai,1
53,167428.66,Bangalore,1
65,137782.11,Mumbai,0
39,33564.09,Mumbai,1
27,31.15,Pune,1
78,54333.84,Pune,0
38,123844.63,Pune,0
76,631.8,Mumbai,0
34,410.91,Mumbai,1
45,7277.89,Mumbai,0
48,19558.87,Pune,1
64,39972.89,Bangalore,0
50,40459.0,Mumbai,1
71,36362.87,Bangalore,0
35,27569.49,Delhi,1
74,100163.79,Delhi,1
62,1192.54,Pune,1
38,15561.94,Delhi,1
30,16156.59,Pune,1
37,11100.01,Mumbai,0
21,54964.25,Mumbai,1
76,100273.72,Pune,0
68,102761.31,Mumbai,0
29,23150.87,Mumbai,1
27,46948.36,Pune,0
67,20036.43,Pune,0
77,45679.46,Delhi,0
63,123.5,Delhi,0
60,6780.82,Mumbai,0
46,86357.53,Mumbai,1
39,71978.17,Bangalore,0
36,77154.21,Mumbai,1
33,23432.36,Bangalore,0
74,152007.25,Bangalore,0
44,38208.77,Bangalore,1
71,55181.9,Mumbai,0
29,1065.54,Pune,1
35,15950.59,Delhi,1
37,3406.62,Bangalore,1
21,68257.21,Delhi,0
29,50676.03,Pune,1
69,41300.26,Pune,0
19,2562.85,Mumbai,1
22,53518.53,Pune,0
47,44505.2,Pune,1
20,11326.86,Bangalore,1
64,17286.57,Delhi,0
67,56382.84,Delhi,0
68,11670.66,Delhi,1
32,16838.55,Bangalore,0
35,35308.34,Delhi,0
32,51808.11,Mumbai,1
69,42718.51,Pune,0
79,68696.11,Mumbai,0
63,35519.63,Mumbai,0
26,44450.73,Delhi,0
61,3125.94,Pune,1
46,100951.14,Bangalore,0
46,27252.87,Bangalore,1
63,4562.62,Pune,1
50,23593.64,Pune,0
38,33164.53,Delhi,0
25,25791.57,Bangalore,1
64,134166.23,Delhi,0
71,22396.81,Delhi,0
23,46530.46,Mumbai,1
58,81264.74,Pune,0
40,31949.26,Mumbai,0
40,46923.8,Pune,1
35,29128.35,Mumbai,1
42,5084.12,Pune,1
69,82335.17,Delhi,0
44,42495.58,Mumbai,1
55,586.59,Mumbai,0
43,15751.61,Mumbai,1
44,4666.59,Pune,1
28,40465.66,Bangalore,1
66,15467.02,Pune,1
32,6709.6,Mumbai,1
68,117905.74,Mumbai,0
28,20171.26,Delhi,1
63,25829.5,Delhi,1
62,95230.45,Pune,1
55,258.96,Mumbai,1
20,37818.55,Delhi,1
52,12504.09,Pune,1
44,72400.49,Pune,0
72,93907.57,Pune,0
20,56687.45,Mumbai,0
63,9410.09,Delhi,0
26,38615.69,Bangalore,1
55,12666.85,Mumbai,0
43,66297.52,Mumbai,0
62,5252.5,Bangalore,1
32,45003.18,Mumbai,0
77,28585.78,Delhi,0
29,29491.97,Mumbai,0
60,35925.55,Pune,0
46,26470.49,Mumbai,1
41,11214.21,Pune,1
40,7137.01,Mumbai,1
65,95481.11,Bangalore,0
30,188060.13,Mumbai,0
79,93241.6,Mumbai,0
35,43174.92,Pune,1
55,24641.68,Bangalore,0
26,70108.42,Delhi,0
22,88456.49,Mumbai,1
54,21450.3,Mumbai,1
47,108164.36,Bangalore,0
45,35470.8,Bangalore,0
33,4022.96,Delhi,0
51,25250.2,Bangalore,0
63,1156.63,Pune,1
53,55426.65,Pune,0
59,4604.16,Bangalore,0
71,3242.95,Pune,1
23,15583.51,Pune,1
39,10940.76,Pune,0
69,11141.07,Delhi,0
52,39627.65,Delhi,1
61,18486.5,Pune,0
36,4833.57,Bangalore,1
60,3255.09,Pune,0
36,32286.77,Mumbai,1
24,4850.89,Pune,0
42,13667.83,Pune,1
76,20829.74,Bangalore,0
39,14010.72,Bangalore,1
25,85967.89,Delhi,0
60,40182.42,Mumbai,1
43,49071.94,Pune,1
44,9371.0,Delhi,1
66,8841.26,Pune,0
21,194086.3,Pune,0
72,22577.19,Pune,0
18,16083.69,Pune,1
64,104344.33,Pune,0
44,27375.58,Mumbai,0
53,21356.94,Mumbai,0
43,71634.51,Delhi,0
56,26303.79,Bangalore,0
54,46927.68,Pune,0
22,12514.29,Mumbai,0
39,19632.71,Pune,1
67,35491.57,Mumbai,1
71,105136.3,Bangalore,0
77,17182.43,Delhi,0
55,112471.53,Mumbai,0
72,9082.4,Delhi,0
63,6110.05,Mumbai,1
77,15264.8,Delhi,0
27,8112.36,Delhi,1
54,558.75,Delhi,1
32,236122.61,Bangalore,0
66,16916.22,Pune,1
43,40302.14,Mumbai,0
43,163976.9,Delhi,0
55,4413.36,Bangalore,1
34,55132.36,Mumbai,1
29,3821.8,Pune,1
18,107503.75,Mumbai,0
66,44077.01,Pune,1
61,5027.64,Pune,1
38,22878.53,Mumbai,1
39,13312.51,Delhi,1
64,27183.47,Pune,0
66,66291.88,Pune,1
59,34950.94,Mumbai,0
72,112211.49,Bangalore,1
23,64715.53,Delhi,0
23,32006.21,Delhi,0
59,2954.21,Delhi,1
30,63425.24,Bangalore,0
67,9492.64,Mumbai,1
18,62483.78,Bangalore,1
79,150993.72,Mumbai,0
33,29112.47,Pune,1
39,206426.31,Mumbai,0
41,20333.23,Delhi,1
20,76943.23,Bangalore,0
53,9640.86,Delhi,1
40,33337.08,Mumbai,0
68,19469.32,Bangalore,0
54,63168.33,Pune,0
60,141887.71,Bangalore,0
51,57298.04,Pune,0
37,3237.27,Pune,1
19,25443.52,Delhi,1
79,62323.72,Delhi,0
19,55156.7,Pune,1
19,35921.92,Bangalore,1
45,118660.65,Bangalore,0
25,10439.81,Delhi,1
72,21652.17,Delhi,1
20,34940.73,Pune,1
22,19266.82,Mumbai,1
63,68010.96,Pune,0
69,93538.58,Bangalore,0
43,27278.58,Bangalore,1
51,12645.4,Delhi,1
45,94014.45,Delhi,0
72,15246.69,Pune,0
68,29420.95,Delhi,0
40,52252.1,Mumbai,0
59,38116.82,Bangalore,1
68,5585.91,Bangalore,1
54,132421.4,Bangalore,0
52,63388.52,Bangalore,1
53,9292.91,Bangalore,1
27,85112.16,Mumbai,0
37,26011.35,Pune,1
30,48699.23,Mumbai,0
62,21706.46,Bangalore,0
78,6667.51,Pune,0
39,27055.96,Pune,1
36,15186.14,Pune,1
38,12329.88,Mumbai,1
20,6110.53,Pune,1
18,5869.78,Delhi,1
45,87089.45,Mumbai,0
48,96839.49,Bangalore,0
54,134171.2,Delhi,0
72,296.58,Mumbai,0
60,21972.25,Bangalore,1
64,36724.36,Delhi,0
18,65007.86,Pune,0
73,52799.89,Bangalore,1
29,77886.26,Mumbai,0
77,33403.42,Mumbai,0
18,52574.96,Pune,1
57,55869.6,Bangalore,0
30,30084.83,Delhi,1
60,29420.28,Mumbai,1
57,32512.41,Delhi,1
64,136816.12,Mumbai,0
36,143200.45,Pune,0
62,8305.82,Bangalore,0
30,15395.94,Bangalore,1
44,47561.96,Delhi,0
65,1571.65,Bangalore,1
45,156231.76,Pune,1
51,20566.68,Mumbai,1
55,42225.97,Delhi,1
57,150336.29,Delhi,1
18,93997.62,Bangalore,1
67,96857.49,Pune,0
71,41993.83,Pune,0
32,435.94,Bangalore,1
63,97030.0,Delhi,0
21,164862.89,Pune,0
39,5370.14,Delhi,1
59,19010.41,Bangalore,1
49,11036.08,Pune,0
67,24325.17,Delhi,0
39,80838.95,Delhi,0
50,59337.73,Delhi,1
60,78982.41,Pune,0
68,75246.35,Delhi,1
66,30159.8,Pune,0
40,22920.98,Delhi,1
31,83898.09,Mumbai,0
62,96041.55,Pune,1
23,12127.75,Mumbai,0
50,73212.14,Bangalore,0
42,48288.17,Pune,1
38,13789.4,Bangalore,0
31,124318.79,Mumbai,0
59,84043.73,Delhi,0
43,101744.15,Bangalore,0
25,66610.27,Mumbai,0
55,54972.11,Mumbai,0
48,71126.34,Pune,1
28,46756.25,Bangalore,1
60,79690.4,Delhi,1
33,22530.75,Pune,1
62,70146.2,Mumbai,0
28,18482.84,Mumbai,1
25,70106.61,Mumbai,0
21,103154.76,Bangalore,1
64,159794.96,Pune,0
26,76083.3,Bangalore,1
24,36040.91,Bangalore,1
54,1006.84,Pune,0
67,44047.38,Delhi,0
48,27340.6,Delhi,1
58,29724.52,Pune,0
48,61109.41,Delhi,1
32,10073.94,Mumbai,1
73,47751.05,Pune,1
53,28473.94,Pune,1
20,41116.34,Bangalore,1
75,8479.91,Mumbai,1
34,39084.46,Pune,0
21,3404.1,Mumbai,1
36,1550.26,Bangalore,0
62,52282.04,Mumbai,0
43,132188.99,Pune,0
60,63246.41,Pune,0
25,120438.78,Pune,1
56,103984.71,Pune,0
74,65319.8,Mumbai,0
57,24138.31,Delhi,1
28,29498.7,Pune,1
37,174990.53,Bangalore,1
69,43396.25,Mumbai,0
19,134823.62,Mumbai,1
35,13953.87,Bangalore,1
41,6695.0,Bangalore,0
18,36972.38,Delhi,1
71,9847.63,Bangalore,0
37,40171.94,Delhi,1
50,27630.47,Pune,0
28,46795.05,Bangalore,1
34,94150.56,Pune,1
53,65336.39,Mumbai,0
32,135729.92,Mumbai,1
76,10006.33,Delhi,1
50,25666.36,Bangalore,1
51,121818.14,Mumbai,0
68,98836.65,Mumbai,0
46,104237.28,Pune,0
20,80892.69,Pune,0
61,92057.95,Mumbai,0
23,40686.77,Delhi,0
32,11031.21,Delhi,1
47,9264.63,Mumbai,0
28,70074.11,Delhi,1
65,108285.97,Mumbai,0
54,1736.0,Pune,0
59,93740.61,Pune,0
44,26004.92,Pune,0
57,9351.25,Mumbai,0
18,15236.43,Delhi,1
67,25416.8,Delhi,0
32,32908.28,Delhi,1
31,31264.18,Mumbai,1
39,15592.51,Bangalore,0
52,67382.44,Delhi,0
79,8188.69,Bangalore,1
43,93686.23,Mumbai,0
33,89530.78,Delhi,0
68,139461.91,Mumbai,0
74,70615.21,Bangalore,1
77,8213.26,Pune,1
29,88408.67,Delhi,1
69,8171.42,Mumbai,1
66,239278.22,Bangalore,0
52,36457.51,Mumbai,0
47,11402.97,Pune,1
74,133712.67,Bangalore,0
39,9326.13,Bangalore,1
24,11011.13,Delhi,1
32,4917.0,Pune,1
53,7727.09,Delhi,0
18,64653.49,Mumbai,0
73,16642.22,Bangalore,0
74,7595.54,Bangalore,0
58,27609.33,Delhi,0
31,57515.84,Mumbai,0
54,21237.0,Delhi,0
29,24440.18,Mumbai,1
49,43802.21,Delhi,0
27,103906.03,Mumbai,0
23,5435.74,Mumbai,1
73,3272.28,Bangalore,1
25,133934.95,Mumbai,1
43,6721.14,Mumbai,1
64,35092.95,Mumbai,0
37,8467.38,Bangalore,0
32,55387.32,Pune,1
67,124201.57,Mumbai,1
67,435.48,Mumbai,1
18,29257.97,Pune,0
23,43061.08,Delhi,1
56,33272.35,Pune,1
65,3245.84,Delhi,1
58,93433.3,Mumbai,0
45,42622.83,Delhi,1
43,111781.93,Delhi,0
67,26005.94,Delhi,0
24,24284.77,Pune,1
18,5507.68,Pune,1
67,31460.69,Delhi,1
64,190799.77,Pune,0
40,28264.74,Pune,0
43,6052.28,Bangalore,1
79,106447.29,Bangalore,0
78,11708.04,Pune,0
52,18617.44,Delhi,1
33,69320.69,Bangalore,1
57,88857.54,Bangalore,1
43,75337.92,Mumbai,0
76,7275.07,Bangalore,0
59,75067.1,Delhi,0
36,47783.57,Pune,0
61,44952.58,Bangalore,0
68,98734.64,Pune,0
60,21565.74,Pune,0
36,11396.76,Bangalore,1
69,2356.5,Pune,1
28,59523.5,Delhi,1
76,56975.65,Delhi,0
54,36292.18,Bangalore,0
62,76376.77,Mumbai,0
45,15351.4,Bangalore,1
49,64660.85,Pune,0
74,28860.48,Mumbai,1
64,28007.77,Delhi,1
52,6997.34,Delhi,1
78,59764.7,Delhi,0
61,20950.69,Mumbai,1
18,73962.12,Bangalore,0
19,46754.73,Pune,1
65,229375.41,Bangalore,0
30,12427.43,Pune,1
44,71017.39,Delhi,1
21,29983.37,Mumbai,0
60,274205.19,Pune,0
46,19082.22,Delhi,0
31,40725.94,Pune,1
33,4722.71,Delhi,1
32,34134.25,Bangalore,0
55,28243.98,Delhi,0
65,41606.87,Mumbai,1
21,16404.73,Pune,0
65,6975.65,Delhi,1
52,183445.08,Mumbai,0
59,5775.25,Bangalore,1
22,44205.33,Pune,0
20,169216.36,Delhi,0
43,12057.47,Bangalore,1
45,4668.79,Delhi,0
20,6384.66,Bangalore,1
34,24177.24,Pune,1
70,53368.86,Mumbai,0
21,4999.34,Bangalore,0
61,10067.93,Bangalore,0
30,65129.22,Delhi,1
57,65452.2,Pune,0
57,69708.46,Bangalore,0
58,72291.53,Bangalore,0
37,6708.44,Mumbai,0
58,22323.87,Mumbai,1
71,88482.98,Delhi,0
36,5132.91,Mumbai,1
62,29655.34,Delhi,1
58,24533.32,Mumbai,0
32,111228.69,Mumbai,1
31,23237.13,Mumbai,1
72,8968.1,Bangalore,0
63,43112.3,Delhi,0
21,18957.43,Bangalore,1
37,52718.96,Mumbai,1
40,5446.87,Mumbai,0
51,62021.15,Bangalore,1
52,79542.92,Delhi,1
19,46775.22,Pune,1
53,58469.54,Mumbai,0
60,200941.55,Mumbai,0
23,158500.69,Pune,0
43,102195.98,Mumbai,1
62,18387.71,Bangalore,1
58,72587.28,Delhi,0
76,41774.33,Pune,0
53,46169.2,Bangalore,0
62,99643.4,Pune,0
62,96628.33,Mumbai,0
55,9119.03,Bangalore,0
65,17288.48,Mumbai,1
35,115914.94,Mumbai,0
59,3129.13,Pune,1
39,4484.25,Mumbai,1
27,92913.38,Bangalore,0
19,14952.22,Bangalore,1
45,91293.06,Bangalore,0
34,117857.46,Delhi,0
56,46497.09,Bangalore,1
54,53536.02,Bangalore,1
43,17771.85,Pune,1
50,148655.28,Delhi,0
36,9813.18,Pune,0
25,70444.47,Mumbai,1
29,20338.55,Bangalore,1
39,20243.26,Delhi,0
62,49599.39,Delhi,0
52,3497.2,Pune,1
55,20653.75,Bangalore,1
50,13484.54,Pune,0
38,22079.57,Delhi,1
26,43925.53,Delhi,1
28,85806.28,Bangalore,0
69,45215.46,Pune,0
29,47853.17,Mumbai,0
71,25307.32,Pune,1
27,3934.14,Delhi,1
71,63227.73,Mumbai,1
27,30229.38,Bangalore,1
57,126095.47,Mumbai,0
33,95017.62,Mumbai,1
65,32094.95,Bangalore,0
75,11615.89,Mumbai,1
66,152460.08,Bangalore,1
39,10480.48,Pune,0
48,23779.01,Delhi,1
67,37158.47,Bangalore,1
28,75945.02,Delhi,1
37,10605.78,Mumbai,1
42,169246.89,Delhi,0
72,4440.18,Mumbai,1
60,24629.3,Mumbai,1
44,51668.83,Mumbai,0
63,36507.97,Mumbai,1
45,74298.38,Mumbai,1
24,65265.02,Mumbai,0
39,5036.76,Delhi,0
25,157127.63,Delhi,0
66,4992.49,Mumbai,1
38,577.27,Delhi,1
68,86413.27,Delhi,1
78,65622.75,Delhi,0
41,40906.61,Mumbai,1
26,20883.8,Delhi,1
64,20901.63,Bangalore,1
20,55897.86,Bangalore,0
36,70708.9,Pune,0
30,130831.31,Bangalore,1
44,24607.45,Bangalore,0
64,10202.53,Bangalore,0
45,138281.38,Delhi,0
76,87908.6,Pune,0
76,31571.26,Delhi,1
20,43420.82,Pune,1
77,58079.92,Bangalore,1
22,2496.11,Delhi,1
26,84732.72,Bangalore,0
64,4228.37,Bangalore,1
39,21809.8,Mumbai,1
44,132630.75,Bangalore,1
51,33083.75,Bangalore,1
27,46204.89,Bangalore,0
57,86257.28,Mumbai,0
68,6904.03,Mumbai,1
23,62578.95,Mumbai,1
25,161349.11,Delhi,0
49,29409.62,Bangalore,1
46,36075.22,Mumbai,0
43,19332.5,Mumbai,0
32,109257.64,Bangalore,0
67,218027.09,Bangalore,0
70,37576.8,Bangalore,0
79,68690.07,Pune,0
45,119068.4,Bangalore,0
59,10552.76,Bangalore,1
76,43830.99,Mumbai,0
73,31314.6,Pune,0
59,93481.94,Pune,1
73,12828.99,Bangalore,0
26,24246.7,Mumbai,0
35,53686.88,Mumbai,0
47,14186.39,Bangalore,1
57,157179.6,Mumbai,0
69,101202.91,Pune,0
34,71554.38,Delhi,0
26,55845.06,Delhi,1
48,106336.37,Pune,0
66,493.43,Delhi,1
78,22201.01,Mumbai,1
79,88577.73,Pune,0
53,53779.33,Pune,1
34,4717.84,Bangalore,1
69,88774.87,Bangalore,1
29,2338.21,Pune,1
33,29904.59,Mumbai,1
58,35054.76,Mumbai,0
75,21443.77,Delhi,1
24,16484.79,Mumbai,1
69,54601.63,Mumbai,0
67,14632.41,Mumbai,1
27,86248.47,Mumbai,0
29,28958.5,Pune,1
35,7183.11,Mumbai,1
53,15324.23,Delhi,1
70,113268.02,Bangalore,0
19,1229.88,Bangalore,1
71,29552.6,Bangalore,0
29,91423.97,Mumbai,1
67,18409.15,Pune,0
61,71856.85,Pune,1
23,98882.6,Bangalore,1
55,39820.58,Pune,1
59,10274.67,Delhi,1
26,25491.24,Pune,1
73,36912.22,Bangalore,0
29,19926.05,Mumbai,1
72,47028.19,Delhi,0
63,265166.18,Pune,0
42,140674.72,Bangalore,1
79,8323.12,Mumbai,0
53,5733.85,Mumbai,0
34,1457.36,Bangalore,1
79,1225.57,Mumbai,1
67,5407.31,Delhi,0
61,61104.75,Delhi,0
21,115980.9,Bangalore,1
23,13340.46,Pune,1
47,87221.04,Mumbai,1
69,5877.28,Bangalore,1
75,23432.9,Bangalore,0
30,65174.15,Mumbai,1
55,175633.44,Delhi,0
68,10092.9,Bangalore,1
39,148909.36,Mumbai,0
28,45949.62,Mumbai,1
62,8194.26,Bangalore,1
74,52666.24,Mumbai,0
53,74595.48,Delhi,0
54,36546.02,Mumbai,1
49,35176.73,Bangalore,0
27,42637.32,Mumbai,1
68,225346.01,Delhi,0
77,19721.03,Delhi,0
66,32107.47,Bangalore,1
57,106207.11,Mumbai,0
45,40801.8,Bangalore,1
75,9066.54,Pune,0
59,100182.67,Bangalore,0
56,117619.22,Pune,1
54,37589.26,Pune,0
23,29090.19,Bangalore,1
38,56698.32,Bangalore,0
30,178228.78,Pune,0
29,16442.77,Mumbai,0
54,128480.04,Pune,0
52,107034.37,Mumbai,1
60,65283.75,Pune,0
38,45787.38,Pune,1
27,56228.42,Mumbai,1
65,58730.39,Delhi,0
57,96468.47,Bangalore,0
70,21818.05,Pune,0
58,10953.08,Bangalore,0
58,72453.12,Pune,0
62,49255.5,Bangalore,1
34,17015.22,Mumbai,0
33,42286.38,Mumbai,1
48,12677.61,Mumbai,1
34,20419.77,Bangalore,1
76,18531.32,Mumbai,0
27,152643.18,Bangalore,0
44,18371.85,Mumbai,1
53,35705.12,Bangalore,1
35,11799.2,Mumbai,1
37,17293.09,Bangalore,1
67,122248.88,Bangalore,0
55,68201.33,Delhi,0
77,40840.53,Bangalore,0
62,141705.06,Bangalore,0
53,100140.81,Mumbai,0
58,32071.34,Delhi,0
55,28455.13,Mumbai,0
54,13586.04,Bangalore,0
54,3339.4,Mumbai,1
38,76061.46,Mumbai,1
55,60954.25,Delhi,1
63,55230.07,Mumbai,0
66,60663.69,Delhi,1
41,60956.0,Bangalore,1
44,90256.64,Delhi,1
48,2035.37,Pune,1
49,83556.47,Mumbai,0
63,36763.77,Pune,0
25,72071.35,Delhi,1
60,59168.9,Mumbai,0
49,37302.06,Bangalore,1
74,35509.03,Delhi,0
71,63110.92,Pune,0
43,45831.01,Mumbai,0
23,20772.8,Pune,1
61,39509.34,Bangalore,0
74,20378.69,Pune,1
20,132414.91,Pune,1
26,179963.39,Bangalore,0
58,48304.54,Delhi,1
46,6372.99,Mumbai,1
49,44694.18,Bangalore,0
53,4924.55,Delhi,1
46,26521.37,Mumbai,0
78,38261.63,Bangalore,0
35,32665.24,Pune,0
60,9981.56,Pune,1
28,15217.17,Bangalore,1
54,66253.45,Delhi,0
49,173507.2,Delhi,0
57,9298.02,Mumbai,1
63,2545.03,Mumbai,1
40,5893.43,Pune,0
72,162867.12,Pune,0
78,16446.7,Delhi,1
18,15865.21,Mumbai,1
76,14612.91,Bangalore,1
34,8501.95,Mumbai,1
35,86559.65,Pune,0
38,39916.94,Mumbai,1
21,62741.89,Mumbai,1
58,22576.95,Pune,0
31,11696.97,Delhi,1
57,69558.35,Pune,1
21,16093.62,Mumbai,1
73,5398.66,Pune,0
71,6660.9,Bangalore,1
62,87218.83,Pune,0
40,36462.82,Bangalore,1
32,30334.54,Bangalore,1
73,41352.76,Bangalore,0
60,187633.1,Pune,0
49,15822.56,Pune,0
32,164368.37,Delhi,1
21,1675.05,Delhi,1
59,47916.62,Mumbai,0
72,18512.09,Pune,0
65,41491.87,Bangalore,0
31,39721.41,Pune,1
49,72088.99,Delhi,1
62,13556.09,Pune,1
33,28597.17,Delhi,0
20,33577.16,Bangalore,0
55,6710.46,Mumbai,1
19,19888.19,Pune,1
74,21076.24,Delhi,1
39,12396.19,Pune,0
62,109556.41,Delhi,0
51,68027.97,Delhi,0
61,217643.25,Mumbai,0
68,38230.09,Mumbai,1
73,1068.4,Bangalore,1
77,9176.75,Delhi,0
41,19435.56,Pune,1
21,21049.39,Pune,0
34,109542.83,Delhi,1
29,10348.9,Mumbai,1
52,81697.22,Pune,0
55,126340.76,Pune,0
54,38757.2,Pune,1
49,68788.12,Bangalore,0
71,15645.2,Delhi,0
46,31421.66,Pune,0
70,61891.15,Delhi,0
71,18844.61,Delhi,0
49,28458.27,Mumbai,0
67,156423.8,Pune,0
33,48758.91,Pune,1
46,80504.89,Pune,1
59,14149.51,Pune,1
31,58435.57,Pune,0
46,18264.39,Pune,1
19,40494.79,Bangalore,1
61,27784.63,Bangalore,1
39,33683.23,Mumbai,1
28,42999.18,Pune,1
66,35909.76,Pune,0
52,38658.34,Pune,1
23,88620.06,Delhi,0
23,5215.86,Delhi,1
66,13043.7,Pune,1
69,41221.16,Bangalore,1
29,54224.86,Delhi,1
69,15882.28,Bangalore,1
74,4827.89,Pune,0
29,9703.16,Pune,1
25,78816.14,Delhi,1
29,36741.92,Bangalore,0
37,18954.51,Delhi,1
30,78190.54,Bangalore,1
37,21582.49,Pune,0
67,1158.11,Pune,1
79,57919.24,Bangalore,0
67,5889.48,Pune,0
40,144120.86,Delhi,0
27,7146.97,Pune,1
64,51013.88,Mumbai,0
33,4886.03,Pune,1
39,2312.34,Pune,1
75,63327.43,Pune,1
46,244422.53,Pune,0
29,15791.46,Delhi,1
57,6696.72,Delhi,1
38,167640.09,Delhi,0
49,77874.78,Pune,1
58,72457.95,Pune,0
31,58945.66,Pune,1
55,17138.31,Pune,1
28,56211.01,Pune,1
31,75146.34,Delhi,0
76,3172.82,Mumbai,1
65,20866.0,Mumbai,0
55,155439.11,Bangalore,1
67,58583.49,Bangalore,0
46,22636.67,Mumbai,1
60,30726.71,Pune,0
44,37285.31,Bangalore,1
76,75303.93,Delhi,1
74,16703.24,Bangalore,1
49,40351.73,Bangalore,0
32,21884.47,Pune,1
59,158054.81,Mumbai,0
31,135743.0,Delhi,0
21,4092.78,Pune,0
62,17332.89,Delhi,1
19,15283.73,Pune,1
40,201481.03,Bangalore,0
24,21054.59,Bangalore,1
53,77090.26,Mumbai,0
41,15901.48,Pune,0
32,31569.92,Bangalore,1
64,4545.54,Pune,0
75,40497.76,Bangalore,1
75,62991.39,Bangalore,0
69,22038.66,Delhi,1
63,88032.58,Pune,0
68,40684.19,Pune,0
38,44656.56,Delhi,1
20,12454.54,Delhi,1
78,60607.84,Mumbai,0
19,64082.06,Bangalore,1
45,42110.97,Delhi,0
22,5441.51,Pune,0
68,24050.97,Mumbai,1
39,64594.89,Delhi,1
21,75462.96,Delhi,1
38,119872.42,Bangalore,0
18,12521.53,Delhi,1
70,100706.76,Pune,0
42,5130.3,Mumbai,1
70,110988.7,Mumbai,0
77,55979.33,Delhi,0
69,66434.27,Mumbai,0
34,21462.55,Delhi,0
47,44277.82,Pune,1
35,35578.13,Mumbai,1
52,357.77,Mumbai,1
54,3542.43,Mumbai,1
45,134425.68,Mumbai,0
51,27161.53,Pune,0
40,57783.03,Pune,1
40,33047.96,Pune,1
23,83525.34,Bangalore,1
70,88515.75,Delhi,0
67,186152.74,Delhi,0
63,14076.75,Bangalore,1
53,93714.74,Pune,0
78,51456.86,Delhi,1
51,199362.9,Delhi,0
19,19687.66,Bangalore,1
50,4949.47,Bangalore,1
78,5010.02,Mumbai,0
27,56714.46,Delhi,1
37,11856.29,Mumbai,0
69,85596.21,Pune,0
22,28775.0,Pune,1
59,28680.14,Delhi,1
41,54902.87,Bangalore,0
45,31038.55,Pune,0
36,80784.86,Pune,0
39,63647.95,Bangalore,0
36,52995.41,Bangalore,0
22,208105.83,Bangalore,0
49,28317.85,Pune,1
71,35494.46,Delhi,0
42,49329.43,Pune,1
56,586.13,Delhi,0
77,14623.34,Bangalore,1
65,88081.92,Delhi,1
26,31012.5,Delhi,1
71,22091.83,Bangalore,0
26,190538.65,Pune,1
39,44348.95,Mumbai,1
69,16700.24,Pune,0
43,124133.64,Bangalore,1
76,130340.16,Bangalore,0
74,8940.06,Pune,0
34,28414.49,Pune,0
24,8513.63,Bangalore,1
48,34334.11,Pune,1
45,31159.61,Bangalore,1
27,28929.67,Mumbai,1
57,34740.16,Pune,0
38,151797.32,Delhi,0
26,11515.16,Delhi,0
49,24276.47,Pune,1
38,5167.2,Delhi,1
58,49475.01,Bangalore,1
34,8091.55,Mumbai,0
74,1802.87,Pune,1
76,132375.95,Bangalore,0
58,3231.45,Mumbai,0
18,20109.89,Bangalore,1
73,19488.81,Delhi,0
30,57718.15,Bangalore,1
41,16843.79,Bangalore,1
78,85570.42,Pune,1
72,67437.27,Mumbai,1
36,38163.2,Mumbai,0
68,54014.92,Bangalore,1
30,6678.72,Mumbai,1
53,68768.65,Bangalore,0
68,4210.91,Pune,0
78,16641.45,Pune,0
66,18303.01,Bangalore,0
43,2736.99,Pune,0
42,104242.82,Delhi,1
38,63871.24,Pune,1
45,113552.95,Pune,0
52,11112.01,Delhi,1
38,23372.91,Pune,1
52,43496.27,Bangalore,1
69,76668.09,Pune,0
59,184835.05,Bangalore,0
27,67339.55,Bangalore,1
63,29483.47,Pune,0
49,51836.47,Pune,0
38,79949.63,Bangalore,1
38,31272.01,Delhi,1
49,79913.98,Delhi,0
20,35737.79,Bangalore,0
61,10339.13,Mumbai,1
73,15895.11,Mumbai,0
33,15349.85,Pune,1
40,26515.94,Bangalore,1
68,1468.16,Mumbai,1
50,2286.79,Delhi,1
53,5157.0,Mumbai,1
38,26971.39,Delhi,1
68,3380.14,Pune,1
29,34111.1,Mumbai,1
38,2681.83,Delhi,1
49,182955.92,Pune,0
38,121468.77,Mumbai,0
46,26940.37,Bangalore,0
51,46432.6,Bangalore,0
63,41934.16,Mumbai,0
28,211413.8,Mumbai,0
67,128375.07,Pune,0
62,43627.46,Bangalore,0
57,6214.29,Pune,1
22,199295.03,Pune,0
22,415.87,Delhi,1
28,1247.36,Pune,1
33,3501.61,Pune,1
73,98245.6,Delhi,1
29,72929.24,Delhi,1
29,23423.23,Pune,1
21,6419.6,Mumbai,1
42,68815.9,Pune,0
62,147725.02,Mumbai,0
48,38365.15,Pune,1
38,147281.22,Pune,0
71,1323.44,Bangalore,1
50,96362.84,Mumbai,0
65,46582.85,Bangalore,0
48,24445.15,Mumbai,1
62,13509.14,Pune,1
44,78019.99,Bangalore,0
59,8854.11,Delhi,1
75,16761.92,Mumbai,1
28,63892.48,Bangalore,1
51,36586.25,Pune,0
32,10429.0,Bangalore,1
26,6646.75,Delhi,1
50,23733.51,Bangalore,1
23,32156.4,Pune,0
52,34768.58,Mumbai,0
47,82725.07,Mumbai,0
67,34482.97,Mumbai,0
24,9060.96,Pune,1
53,56106.64,Bangalore,0
55,24848.93,Delhi,1
72,155229.17,Pune,0
49,29092.58,Mumbai,0
74,104232.39,Delhi,0
70,52157.18,Pune,1
56,9597.74,Bangalore,1
58,168613.86,Pune,0
38,8621.1,Pune,1
74,64345.56,Delhi,0
22,58084.2,Pune,0
58,8280.4,Bangalore,0
72,60336.11,Bangalore,1
68,88466.58,Mumbai,0
23,52163.02,Bangalore,0
52,41591.41,Bangalore,1
22,89386.99,Pune,1
47,106454.35,Pune,0
30,29868.44,Delhi,1
67,47915.4,Delhi,1
48,1931.16,Pune,1
71,14992.37,Pune,0
46,22595.57,Delhi,1
51,127905.23,Pune,0
56,7937.72,Pune,1
73,15014.97,Bangalore,1
50,102617.26,Mumbai,1
50,51142.81,Mumbai,0
43,17280.97,Delhi,0
62,24219.06,Bangalore,0
50,12890.89,Pune,0
36,35346.3,Pune,1
28,92660.07,Mumbai,1
68,193415.01,Mumbai,0
55,20806.53,Mumbai,0
21,103399.46,Pune,0
62,65710.43,Delhi,1
58,215853.32,Bangalore,0
38,56936.97,Delhi,1
70,55045.01,Bangalore,1
26,50194.21,Pune,1
28,5499.07,Bangalore,1
79,74826.66,Bangalore,0
27,134735.05,Mumbai,1
19,17024.35,Delhi,1
18,3746.84,Mumbai,1
64,36625.35,Pune,0
41,21607.28,Pune,0
54,44944.04,Pune,1
38,157818.33,Pune,0
47,28708.99,Pune,0
73,99159.76,Delhi,0
73,882.12,Pune,0
74,41162.9,Pune,0
43,9589.97,Pune,1
59,135249.35,Mumbai,0
22,9700.05,Delhi,1
57,43797.57,Bangalore,1
66,13554.67,Pune,0
72,11912.63,Bangalore,0
56,2470.04,Delhi,0
58,8985.52,Delhi,1
31,26016.14,Mumbai,1
27,19074.0,Pune,0
43,39782.79,Pune,1
29,20522.46,Bangalore,1
33,28908.23,Mumbai,1
38,8504.41,Mumbai,1
27,28800.28,Delhi,1
69,32392.41,Delhi,1
44,73687.91,Delhi,1
73,50820.47,Mumbai,1
35,32726.38,Mumbai,1
63,33612.25,Mumbai,0
24,53768.07,Delhi,1
66,118214.01,Mumbai,0
65,23253.88,Pune,1
23,38095.38,Pune,0
70,7084.39,Delhi,1
55,72703.32,Pune,0
79,82382.07,Bangalore,0
54,60993.76,Bangalore,1
58,41026.59,Bangalore,1
35,9949.79,Bangalore,1
21,50844.57,Mumbai,1
79,5440.07,Pune,1
22,83314.26,Delhi,0
18,54998.97,Delhi,1
60,27386.86,Pune,1
38,4368.23,Bangalore,1
35,72956.95,Mumbai,0
66,15145.01,Mumbai,1
20,33595.91,Delhi,1
38,61458.59,Bangalore,0
38,52668.03,Delhi,1
22,180287.46,Delhi,0
19,50600.0,Delhi,1
58,4422.79,Mumbai,0
39,151460.04,Delhi,0
44,49919.08,Delhi,1
39,22928.38,Pune,0
35,133338.9,Bangalore,1
20,97198.07,Mumbai,1
25,14325.09,Delhi,0
76,71752.13,Mumbai,0
76,48729.69,Delhi,0
64,72653.78,Delhi,0
61,5407.52,Delhi,1
63,58150.23,Bangalore,0
75,74215.55,Bangalore,0
33,48577.86,Mumbai,1
75,5736.63,Mumbai,1
27,62143.77,Pune,1
34,53734.12,Mumbai,1
75,21128.7,Bangalore,0
22,6213.35,Pune,1
24,76131.21,Bangalore,0
74,27836.33,Bangalore,0
28,12229.37,Pune,0
57,62.5,Mumbai,1
70,8783.97,Bangalore,0
35,12607.57,Mumbai,1
73,24767.52,Mumbai,0
41,15191.06,Bangalore,1
43,70186.96,Bangalore,0
48,57067.83,Pune,0
69,20533.19,Delhi,0
55,4542.69,Delhi,1
19,62745.56,Bangalore,1
22,20265.34,Mumbai,1
31,11974.05,Bangalore,1
32,100595.01,Delhi,0
73,7974.01,Mumbai,1
26,11459.92,Pune,1
20,8529.46,Delhi,1
72,141648.67,Pune,0
66,9834.14,Bangalore,0
46,10859.6,Delhi,1
56,104947.33,Pune,0
64,20918.08,Delhi,0
37,81941.17,Bangalore,0
62,52731.45,Bangalore,1
33,62747.67,Mumbai,1
29,11705.7,Pune,1
64,37831.85,Mumbai,0
54,2708.05,Delhi,1
52,716.09,Bangalore,0
26,118658.25,Bangalore,0
37,16321.15,Delhi,1
33,87110.34,Delhi,0
41,43442.21,Pune,0
63,8359.61,Bangalore,1
69,13113.33,Pune,1
37,4228.16,Mumbai,1
65,124719.68,Mumbai,0
62,82995.92,Delhi,0
23,26148.48,Delhi,0
32,25792.91,Pune,1
70,13647.68,Pune,0
70,156441.01,Bangalore,0
30,54285.91,Pune,0
60,137127.08,Mumbai,0
70,13977.7,Delhi,1
65,9000.28,Mumbai,1
67,69652.04,Pune,0
71,605.42,Mumbai,1
29,14673.37,Mumbai,1
52,68609.15,Mumbai,0
52,88617.72,Pune,1
33,27192.64,Delhi,1
67,94930.88,Delhi,0
46,48971.76,Mumbai,0
29,11517.14,Bangalore,0
19,85902.7,Bangalore,0
39,52523.61,Mumbai,1
45,24913.88,Pune,0
64,15113.03,Mumbai,0
42,111342.36,Mumbai,0
56,19498.29,Pune,0
20,40552.64,Bangalore,0
69,37894.62,Mumbai,0
23,82268.72,Mumbai,1
70,47467.85,Bangalore,0
57,184977.51,Delhi,0
44,69616.55,Mumbai,1
21,181684.61,Mumbai,0
64,36282.35,Bangalore,1
42,2117.77,Pune,1
36,29516.91,Mumbai,1
37,70918.87,Bangalore,1
38,2919.9,Mumbai,1
18,82070.22,Bangalore,0
51,169690.53,Delhi,1
22,156562.95,Mumbai,0
75,67094.3,Pune,1
69,8328.17,Mumbai,1
55,14298.68,Pune,1
63,34617.61,Mumbai,0
63,22361.75,Delhi,0
34,163814.47,Pune,1
54,133301.1,Delhi,0
62,94000.42,Delhi,0
75,259777.34,Mumbai,0
26,59978.11,Delhi,1
28,86242.54,Bangalore,1
63,56353.48,Mumbai,1
21,135021.59,Pune,0
25,49646.81,Mumbai,1
22,18483.21,Mumbai,1
54,69012.94,Mumbai,0
59,48823.3,Mumbai,0
79,70737.75,Mumbai,0
31,29725.42,Delhi,0
76,120998.36,Mumbai,0
78,680.74,Delhi,1
23,126892.2,Delhi,1
36,114982.61,Bangalore,1
54,35733.64,Delhi,0
25,27631.46,Pune,1
47,27664.31,Delhi,1
24,41577.41,Pune,1
21,61489.08,Bangalore,1
78,34721.99,Pune,0
61,66633.94,Mumbai,1
63,1125.91,Bangalore,1
49,51626.02,Bangalore,1
45,117978.77,Mumbai,0
56,3459.33,Bangalore,0
76,6414.59,Mumbai,1
26,16278.06,Pune,1
53,38701.71,Pune,0
29,54135.7,Mumbai,0
24,10454.0,Bangalore,1
62,8182.35,Delhi,0
24,25369.58,Pune,0
75,74309.68,Delhi,1
31,76567.67,Delhi,1
40,70690.14,Delhi,1
28,5950.14,Mumbai,1
79,11705.44,Bangalore,0
23,14541.37,Pune,1
31,4266.7,Bangalore,0
64,72426.37,Pune,1
29,5880.27,Bangalore,1
76,4253.09,Mumbai,0
63,6631.52,Delhi,1
71,30321.24,Mumbai,0
33,11333.55,Delhi,1
33,6585.73,Mumbai,1
77,117000.05,Pune,0
76,30522.0,Delhi,1
20,41765.37,Pune,1
75,64242.69,Mumbai,1
53,103684.86,Pune,0
73,95169.08,Delhi,0
67,20634.42,Pune,1
36,19396.43,Bangalore,0
63,17193.12,Delhi,1
74,15388.32,Delhi,0
77,33309.29,Pune,0
19,34867.07,Pune,1
32,35677.04,Mumbai,0
36,88234.04,Bangalore,1
56,17027.82,Bangalore,1
24,18924.15,Bangalore,1
26,13084.93,Pune,0
35,21285.93,Delhi,0
27,46279.65,Mumbai,0
42,31894.92,Delhi,1
63,146206.77,Delhi,0
79,38506.29,Bangalore,1
61,99510.37,Bangalore,1
32,33210.33,Delhi,1
66,2747.78,Mumbai,0
78,2026.4,Delhi,1
72,21665.39,Mumbai,0
78,75112.69,Delhi,0
29,44627.02,Bangalore,1
69,3164.66,Delhi,1
62,32665.65,Mumbai,0
71,2476.27,Delhi,0
68,4939.41,Delhi,0
50,19085.48,Mumbai,1
33,44419.98,Mumbai,0
79,9317.79,Delhi,0
48,106519.88,Mumbai,0
56,34717.71,Mumbai,0
37,11771.96,Bangalore,1
66,25612.87,Delhi,0
24,11429.68,Delhi,1
24,34004.23,Delhi,1
71,19615.41,Bangalore,0
63,18550.77,Pune,0
64,120773.99,Bangalore,1
61,111585.8,Bangalore,0
18,83123.23,Mumbai,1
61,7627.18,Pune,1
42,32479.35,Mumbai,1
20,63641.98,Bangalore,0
68,193257.07,Delhi,0
37,103814.01,Delhi,1
77,65983.09,Bangalore,1
35,44632.15,Pune,0
33,35572.91,Bangalore,1
20,149630.44,Mumbai,1
77,92908.18,Bangalore,0
40,76257.06,Bangalore,1
46,197256.23,Bangalore,0
19,39732.32,Delhi,1
21,65475.32,Mumbai,0
18,43331.61,Delhi,1
18,48299.55,Delhi,1
29,219830.58,Delhi,0
23,49427.96,Mumbai,1
29,1150.79,Pune,1
52,9581.77,Bangalore,1
76,24221.45,Mumbai,0
79,17053.47,Mumbai,1
64,1275.17,Bangalore,1
69,12657.17,Mumbai,0
33,15952.59,Mumbai,1
77,24748.24,Pune,0
28,1086.56,Bangalore,1
75,77189.31,Mumbai,0
37,106834.27,Mumbai,0
73,12982.57,Delhi,0
37,100412.68,Delhi,1
68,26564.1,Bangalore,0
53,30984.58,Mumbai,1
56,31788.62,Pune,1
70,16198.33,Pune,0
60,46121.89,Bangalore,1
62,9460.63,Mumbai,1
76,30879.86,Delhi,0
58,45457.41,Pune,0
58,217610.32,Delhi,0
42,24782.31,Mumbai,1
23,7984.65,Bangalore,1
37,34096.96,Pune,0
50,26990.72,Pune,0
25,20620.5,Bangalore,1
67,19538.36,Mumbai,0
67,5641.73,Pune,1
25,24407.01,Mumbai,1
59,169708.27,Mumbai,0
22,30882.91,Bangalore,0
23,19378.83,Bangalore,1
70,488.88,Delhi,1
50,141607.93,Delhi,0
23,12858.02,Delhi,1
62,95480.4,Delhi,1
27,28313.88,Mumbai,1
29,56645.12,Delhi,1
50,37409.65,Delhi,1
54,24448.45,Delhi,1
53,108288.86,Pune,1
36,62102.32,Pune,0
66,26560.8,Pune,1
35,128781.29,Pune,0
62,60910.91,Bangalore,0
73,18320.13,Delhi,0
22,101446.71,Bangalore,0
30,28932.78,Mumbai,0
52,181456.09,Delhi,0
31,13144.68,Pune,1
60,44079.87,Pune,0
62,89144.39,Mumbai,0
79,14735.79,Mumbai,0
25,4335.27,Pune,1
67,13676.97,Pune,1
79,11274.07,Delhi,0
73,7863.59,Pune,0
25,7573.0,Bangalore,1
38,76802.17,Delhi,1
43,4402.67,Bangalore,0
50,70643.63,Bangalore,1
32,11008.88,Delhi,1
21,102811.63,Delhi,0
66,21375.32,Delhi,1
67,24266.1,Pune,0
19,43053.06,Delhi,1
54,2885.69,Bangalore,1
55,13656.54,Bangalore,0
61,92975.74,Bangalore,0
45,25485.34,Bangalore,1
79,196435.47,Mumbai,0
76,20699.55,Bangalore,0
68,2374.05,Pune,1
47,217739.2,Mumbai,1
31,18924.96,Bangalore,1
31,787.82,Mumbai,1
23,12685.61,Pune,1
78,7479.75,Bangalore,1
39,21378.9,Pune,0
31,5789.43,Pune,1
59,118590.45,Bangalore,1
38,22945.9,Mumbai,1
20,34102.67,Pune,1
50,47908.92,Pune,1
67,15684.75,Delhi,0
22,43274.0,Pune,0
55,59467.52,Mumbai,1
77,28928.28,Delhi,0
69,25144.31,Pune,1
29,11751.85,Pune,1
39,2838.84,Pune,0
46,145792.89,Bangalore,0
38,45264.99,Delhi,0
37,23201.06,Mumbai,1
25,24678.13,Delhi,1
50,81140.73,Bangalore,0
27,45842.69,Pune,1
58,2235.89,Pune,1
36,15166.92,Pune,1
45,73298.21,Mumbai,1
38,24957.35,Pune,0
51,8645.54,Bangalore,0
43,410294.03,Mumbai,0
60,12900.31,Pune,1
46,3521.01,Mumbai,0
60,51320.1,Mumbai,0
76,47212.1,Mumbai,1
36,127300.09,Pune,1
74,74172.13,Mumbai,1
61,32526.18,Mumbai,0
23,53291.1,Mumbai,0
54,126909.91,Delhi,0
28,1291.96,Pune,1
73,140705.17,Bangalore,0
52,100356.98,Mumbai,0
61,162550.8,Mumbai,0
35,81264.02,Pune,0
23,46772.9,Bangalore,1
38,1677.97,Mumbai,1
65,59980.68,Bangalore,0
79,105795.73,Mumbai,0
23,3896.09,Bangalore,1
77,72982.09,Delhi,0
78,37945.2,Pune,1
23,34370.43,Delhi,1
60,30377.94,Mumbai,1
59,6483.88,Mumbai,1
57,20213.31,Pune,0
77,40663.04,Pune,0
44,6886.13,Mumbai,0
30,9334.62,Pune,1
20,20320.29,Delhi,0
53,89942.77,Delhi,0
27,15732.78,Delhi,1
46,35222.11,Mumbai,1
29,102370.18,Bangalore,1
28,113756.21,Bangalore,1
39,101880.16,Bangalore,0
65,4635.62,Pune,1
44,8379.39,Mumbai,1
71,131782.79,Pune,0
73,14168.7,Pune,1
71,27826.81,Delhi,0
39,44826.96,Bangalore,1
49,28880.23,Bangalore,1
22,66417.94,Mumbai,1
35,64563.87,Pune,0
65,68578.67,Bangalore,1
41,70507.4,Pune,1
20,100970.0,Bangalore,1
44,32274.76,Mumbai,0
75,10842.56,Pune,0
52,53070.15,Delhi,0
36,8550.4,Pune,1
60,153845.48,Delhi,0
42,80829.57,Bangalore,0
49,11187.54,Delhi,0
79,22173.35,Delhi,1
70,55262.58,Mumbai,1
38,18439.78,Mumbai,1
54,59717.01,Mumbai,1
50,74152.32,Pune,0
74,5021.08,Delhi,1
71,6509.28,Bangalore,1
71,87454.83,Mumbai,1
60,61654.3,Mumbai,0
32,22939.53,Mumbai,0
35,8811.27,Bangalore,1
32,70035.09,Pune,1
65,36939.77,Pune,0
53,165514.76,Pune,0
50,94051.35,Bangalore,0
63,38711.99,Pune,0
20,60403.21,Pune,1
34,5381.25,Mumbai,1
65,68044.64,Bangalore,0
75,65830.98,Mumbai,0
68,2917.56,Mumbai,0
43,60039.19,Bangalore,0
28,50939.23,Delhi,1
40,11339.39,Bangalore,1
43,91577.58,Bangalore,1
68,74819.49,Pune,0
48,49642.45,Delhi,0
25,17634.51,Pune,1
58,41874.08,Mumbai,0
79,9169.83,Mumbai,0
71,25987.92,Mumbai,0
76,14433.66,Bangalore,0
26,35069.99,Mumbai,1
72,3481.0,Mumbai,0
71,86318.19,Delhi,0
48,32594.19,Delhi,1
44,25910.19,Delhi,1
72,5291.59,Delhi,0
41,122670.35,Pune,0
45,68326.85,Bangalore,1
29,87953.49,Pune,0
26,65118.04,Delhi,1
68,6057.66,Pune,0
71,3502.64,Bangalore,0
63,42090.42,Mumbai,1
54,63021.24,Mumbai,1
18,40183.77,Delhi,0
30,144445.75,Mumbai,1
64,36431.91,Pune,0
33,11388.19,Pune,1
25,20921.55,Bangalore,0
54,33539.85,Mumbai,0
20,8244.12,Pune,1
36,30688.49,Mumbai,1
42,78360.84,Mumbai,0
29,30463.83,Delhi,0
54,16853.05,Mumbai,1
36,22589.04,Delhi,1
54,77568.48,Mumbai,0
23,7860.56,Mumbai,0
19,106620.8,Pune,0
59,44188.62,Delhi,0
31,12717.41,Delhi,1
62,101773.65,Mumbai,0
18,22880.12,Mumbai,1
33,76582.93,Mumbai,1
23,62515.19,Bangalore,1
68,66080.57,Delhi,0
36,57888.29,Delhi,0
74,95981.52,Bangalore,1
44,82318.82,Bangalore,1
74,152009.17,Bangalore,0
69,28725.5,Mumbai,1
59,9000.77,Pune,0
40,6923.16,Pune,1
45,26087.05,Delhi,0
70,40064.03,Pune,0
21,8403.85,Bangalore,0
27,18283.75,Bangalore,1
78,37192.95,Bangalore,0
21,68647.54,Delhi,0
67,47928.77,Pune,1
38,31144.79,Pune,0
33,8506.36,Mumbai,1
31,534.75,Mumbai,1
67,54436.8,Bangalore,1
76,108647.54,Delhi,0
21,48243.72,Mumbai,1
22,78916.47,Bangalore,1
79,24566.76,Pune,1
69,100434.34,Pune,0
25,93025.43,Bangalore,0
71,27148.42,Bangalore,0
24,6367.24,Mumbai,1
29,19910.06,Pune,1
69,125503.09,Pune,0
79,81840.07,Mumbai,0
22,32125.66,Mumbai,0
58,1349.53,Delhi,1
37,113106.91,Pune,0
52,40072.87,Pune,0
31,30377.67,Pune,1
73,52403.9,Mumbai,0
33,44772.28,Delhi,1
41,9179.92,Delhi,0
40,37678.73,Pune,1
26,269877.63,Mumbai,0
55,15438.58,Pune,0
77,69154.73,Bangalore,0
50,19360.27,Delhi,1
63,11370.49,Delhi,1
78,1398.76,Bangalore,0
57,21861.69,Pune,0
73,78617.14,Delhi,0
64,10546.42,Delhi,0
42,28852.77,Bangalore,0
32,16180.89,Pune,0
57,17230.12,Delhi,1
45,36004.9,Delhi,1
65,34569.56,Pune,1
41,26554.55,Pune,1
24,121588.74,Mumbai,0
71,44355.15,Bangalore,1
56,3429.75,Mumbai,0
77,87806.78,Delhi,0
63,34288.27,Bangalore,0
61,862.23,Delhi,1
60,10490.76,Delhi,0
19,50865.97,Bangalore,1
19,24430.53,Pune,1
46,49018.65,Pune,1
76,145934.04,Mumbai,0
36,8469.16,Bangalore,1
18,15844.99,Pune,0
63,31791.97,Mumbai,1
23,18692.95,Bangalore,0
38,16904.64,Delhi,0
31,3231.2,Delhi,1
33,109182.02,Delhi,1
58,31711.12,Delhi,1
57,140603.59,Bangalore,1
49,37187.48,Bangalore,0
29,39957.45,Mumbai,1
19,149405.07,Delhi,0
23,16512.61,Mumbai,1
37,1127.53,Pune,1
26,12555.47,Mumbai,1
30,23381.33,Bangalore,0
19,50608.45,Delhi,1
60,2330.47,Delhi,0
50,62761.98,Delhi,0
71,4551.01,Delhi,1
24,30098.67,Bangalore,1
70,137045.8,Delhi,0
44,35901.54,Mumbai,1
26,43207.13,Bangalore,1
52,60770.25,Delhi,0
38,24859.55,Mumbai,1
69,50257.17,Delhi,0
26,121053.54,Delhi,0
19,42479.92,Bangalore,0
71,2669.64,Mumbai,0
31,55181.62,Delhi,1
73,54223.95,Mumbai,0
34,24820.07,Mumbai,0
65,22280.93,Delhi,1
56,32931.37,Mumbai,0
60,12286.81,Mumbai,0
67,153073.13,Pune,0
50,40351.89,Delhi,0
69,2949.48,Bangalore,1
74,54372.92,Pune,0
54,353.73,Delhi,1
23,2454.41,Mumbai,1
39,53374.49,Bangalore,0
70,39509.16,Delhi,0
32,34445.47,Delhi,1
43,56990.04,Delhi,0
58,178572.41,Mumbai,0
57,27266.56,Bangalore,1
48,88506.32,Bangalore,0
60,91275.83,Bangalore,0
55,194529.07,Pune,0
44,7788.58,Pune,1
51,26456.41,Delhi,1
27,36633.8,Pune,0
68,16977.82,Pune,1
60,35859.96,Mumbai,0
42,16863.85,Pune,1
49,11562.25,Mumbai,1
22,7225.66,Bangalore,1
45,43268.79,Bangalore,1
74,18801.6,Pune,0
71,57461.55,Pune,0
53,133646.46,Bangalore,0
73,11888.48,Pune,0
30,35756.47,Mumbai,0
31,2501.87,Bangalore,1
76,57133.13,Bangalore,0
47,112272.03,Mumbai,0
63,22320.98,Mumbai,1
29,49699.66,Delhi,0
20,143179.17,Bangalore,0
53,29168.9,Delhi,1
47,21759.48,Mumbai,0
46,63120.42,Mumbai,0
77,5879.61,Pune,1
61,93584.98,Mumbai,0
50,5569.69,Mumbai,0
74,132561.82,Pune,0
28,62509.22,Pune,1
46,79096.99,Delhi,1
47,58770.31,Mumbai,0
77,6767.21,Pune,1
60,142850.36,Delhi,0
33,6159.34,Bangalore,1
25,24967.88,Bangalore,1
70,31041.4,Pune,1
62,23209.65,Pune,0
56,59739.14,Bangalore,0
72,17667.66,Delhi,1
39,64327.84,Bangalore,0
56,1770.4,Mumbai,0
23,55700.89,Delhi,1
74,87192.23,Mumbai,0
51,13581.68,Pune,1
29,50465.57,Bangalore,1
72,102927.86,Delhi,0
37,88388.29,Bangalore,0
50,4806.19,Mumbai,1
76,4631.58,Pune,1
31,5.13,Bangalore,1
20,23393.84,Mumbai,0
43,10648.84,Mumbai,1
33,185457.24,Pune,0
79,238231.47,Mumbai,0
31,21092.8,Delhi,1
61,116211.0,Bangalore,0
52,16178.81,Delhi,0
73,23764.83,Pune,1
27,140191.99,Delhi,0
18,17035.62,Delhi,1
70,13221.4,Delhi,1
20,44647.98,Pune,1
27,47088.11,Delhi,0
53,99636.68,Bangalore,0
75,13549.43,Pune,0
36,25246.67,Pune,0
32,4244.02,Delhi,0
68,40558.88,Bangalore,0
74,4068.1,Delhi,0
58,70083.93,Bangalore,1
28,5814.05,Mumbai,1
43,56065.93,Bangalore,0
36,99052.14,Pune,0
55,88634.5,Bangalore,0
19,164891.54,Bangalore,0
68,45661.16,Bangalore,1
67,26075.43,Mumbai,0
52,50502.29,Delhi,1
65,43095.16,Mumbai,0
21,99342.92,Bangalore,1
70,37864.88,Bangalore,1
40,6690.6,Mumbai,1
27,14941.53,Delhi,1
44,35899.56,Mumbai,1
46,54051.03,Bangalore,1
36,64124.44,Mumbai,0
33,36828.45,Delhi,1
52,27527.68,Delhi,0
23,32306.04,Bangalore,1
61,280490.12,Delhi,0
68,34195.72,Pune,0
57,22644.67,Delhi,0
46,13095.43,Delhi,1
38,100139.12,Delhi,1
64,2414.93,Delhi,1
68,35718.06,Mumbai,0
22,38347.34,Bangalore,1
53,5015.57,Delhi,1
35,342.12,Mumbai,1
48,64129.64,Mumbai,1
32,10620.75,Mumbai,0
29,36431.93,Bangalore,0
73,4918.19,Bangalore,0
76,20389.6,Mumbai,1
48,5838.23,Bangalore,1
26,6009.04,Delhi,1
38,1083.19,Bangalore,1
38,7836.22,Pune,1
48,131573.75,Bangalore,0
58,43569.36,Mumbai,0
38,3120.33,Bangalore,1
63,41123.95,Pune,0
19,62326.48,Bangalore,0
25,72527.13,Bangalore,1
75,19386.56,Mumbai,0
75,53789.28,Bangalore,0
63,53810.57,Mumbai,0
78,34435.6,Pune,1
73,18111.15,Mumbai,1
70,19996.06,Pune,0
35,37122.19,Mumbai,1
57,45158.69,Bangalore,0
75,41300.07,Mumbai,0
51,42771.21,Delhi,1
60,23145.05,Bangalore,1
77,6762.09,Bangalore,1
75,6679.85,Pune,0
61,2676.67,Mumbai,0
79,63229.73,Mumbai,0
73,9826.59,Mumbai,0
46,113380.39,Delhi,1
61,106756.35,Pune,0
61,23441.2,Delhi,0
18,61916.89,Pune,0
19,42066.06,Pune,1
32,81962.97,Delhi,1
59,36526.0,Mumbai,1
56,11777.24,Bangalore,1
47,45120.52,Delhi,1
70,197710.82,Pune,0
50,6396.36,Delhi,1
62,38446.59,Bangalore,0
53,31654.0,Delhi,0
53,4858.88,Mumbai,1
46,64106.08,Pune,0
25,164525.33,Delhi,0
38,25845.34,Pune,0
52,76705.37,Mumbai,1
55,42679.09,Delhi,0
39,38833.7,Mumbai,1
55,18702.31,Bangalore,1
52,11407.92,Bangalore,1
29,78108.27,Bangalore,1
50,37830.58,Bangalore,0
23,6485.24,Delhi,1
66,25241.0,Mumbai,0
73,54952.51,Mumbai,0
71,8509.21,Pune,1
40,33698.28,Pune,1
18,43487.47,Mumbai,1
49,6534.84,Mumbai,1
46,19828.06,Bangalore,1
46,59555.28,Bangalore,0
60,107752.69,Pune,1
20,42588.69,Bangalore,1
39,11550.68,Pune,0
56,21120.6,Pune,1
67,24598.47,Pune,0
41,111895.82,Delhi,0
18,44988.63,Mumbai,0
30,54193.64,Bangalore,0
28,55031.12,Pune,1
52,10392.95,Delhi,0
51,57244.21,Pune,1
18,35142.81,Mumbai,1
21,158720.03,Mumbai,0
31,48991.93,Pune,1
59,12779.62,Pune,1
37,31103.68,Bangalore,1
75,9978.17,Bangalore,1
20,10423.3,Mumbai,1
69,11987.13,Mumbai,0
38,45550.49,Delhi,1
61,19316.76,Delhi,1
71,96637.54,Pune,0
74,32761.04,Mumbai,0
32,3625.08,Mumbai,1
62,100577.64,Mumbai,0
19,19244.57,Delhi,1
61,9536.28,Delhi,1
45,15618.53,Pune,1
18,3348.9,Bangalore,1
29,38947.34,Pune,0
29,130717.23,Pune,0
77,18520.6,Delhi,0
59,131484.34,Pune,0
41,4173.93,Bangalore,1
66,56184.98,Mumbai,0
57,56580.11,Mumbai,0
77,10700.81,Pune,1
70,31569.67,Pune,0
66,29386.6,Delhi,1
27,25947.34,Bangalore,1
34,83603.52,Delhi,0
60,15013.47,Delhi,1
40,71622.19,Delhi,1
77,112200.76,Bangalore,0
67,14648.07,Mumbai,0
77,93797.55,Delhi,0
51,9024.09,Pune,0
19,72749.97,Delhi,0
32,14460.3,Delhi,0
38,25142.94,Mumbai,1
38,25932.6,Pune,0
73,14365.46,Mumbai,0
39,20274.07,Mumbai,1
71,65763.82,Delhi,0
47,55910.46,Pune,1
33,90264.11,Bangalore,1
79,151783.67,Delhi,0
66,26705.63,Mumbai,1
41,46571.81,Mumbai,0
55,17690.48,Bangalore,0
34,41945.6,Mumbai,1
60,311610.56,Pune,0
42,18984.3,Mumbai,1
20,46455.7,Mumbai,1
68,20725.0,Mumbai,1
40,21321.38,Bangalore,0
22,63336.83,Pune,1
40,50225.28,Bangalore,1
64,4730.32,Mumbai,1
66,38867.18,Pune,1
73,25847.68,Delhi,0
51,55273.51,Bangalore,0
38,61997.23,Delhi,1
23,39132.15,Pune,1
76,95816.95,Pune,0
44,49176.25,Pune,0
73,77444.85,Delhi,0
22,890.1,Bangalore,1
78,30909.88,Pune,0
66,31894.01,Bangalore,0
77,20209.46,Bangalore,0
72,1149.6,Delhi,0
37,98028.23,Delhi,0
21,36040.34,Pune,1
76,10448.36,Mumbai,1
35,53581.75,Bangalore,1
31,17370.0,Pune,1
70,37801.32,Mumbai,1
56,54917.16,Bangalore,0
53,2763.89,Bangalore,0
55,66569.0,Mumbai,0
73,128830.05,Mumbai,0
35,11543.25,Bangalore,0
23,98495.99,Bangalore,1
69,67793.52,Delhi,0
30,69994.12,Bangalore,0
22,67435.6,Delhi,1
44,141088.07,Delhi,0
75,34487.62,Mumbai,1
63,35006.11,Mumbai,0
24,19053.23,Bangalore,1
77,59882.31,Delhi,0
75,3410.99,Delhi,1
54,21875.07,Pune,1
22,12598.89,Delhi,1
46,35846.7,Pune,1
63,86317.43,Delhi,1
34,112203.59,Delhi,1
27,38248.43,Mumbai,1
65,11770.19,Bangalore,0
25,61201.8,Pune,0
75,116880.72,Mumbai,0
39,43941.66,Delhi,0
51,1501.23,Delhi,1
24,92325.16,Bangalore,0
29,48930.53,Delhi,1
19,40376.81,Mumbai,1
79,12710.14,Pune,0
24,96671.03,Mumbai,1
79,100824.32,Delhi,0
23,90824.65,Pune,1
47,56034.64,Delhi,0
75,30467.61,Bangalore,1
64,11519.71,Mumbai,0
76,58540.19,Pune,0
25,19461.05,Mumbai,1
32,44413.61,Bangalore,0
62,20593.52,Delhi,0
58,118860.4,Delhi,0
30,10305.84,Pune,1
22,16848.44,Delhi,1
69,4673.58,Pune,1
46,100881.57,Mumbai,1
21,5729.59,Delhi,1
55,307.3,Pune,0
57,26600.31,Mumbai,0
67,5171.57,Pune,1
37,2899.47,Pune,1
73,18000.43,Pune,0
65,17458.05,Bangalore,0
23,28637.9,Pune,1
72,79270.81,Bangalore,0
51,285058.18,Pune,0
52,67479.99,Bangalore,0
68,8174.37,Pune,1
50,17210.97,Pune,1
33,34601.07,Bangalore,0
55,32774.5,Pune,1
31,33578.7,Bangalore,0
70,3174.97,Delhi,0
78,31264.8,Bangalore,0
55,15912.41,Delhi,0
61,2856.28,Pune,0
70,10792.75,Mumbai,0
27,45577.92,Delhi,0
54,141644.1,Pune,0
30,106213.87,Pune,0
44,6914.25,Bangalore,0
54,2627.91,Pune,0
46,16603.24,Pune,1
66,4547.79,Pune,1
70,49937.89,Pune,0
77,31287.51,Pune,0
78,15960.96,Mumbai,0
52,5517.02,Delhi,0
60,19810.75,Delhi,0
33,90738.08,Delhi,0
24,76980.46,Delhi,1
33,22242.01,Delhi,1
19,1576.7,Mumbai,1
79,7191.96,Delhi,1
30,42018.28,Delhi,1
73,64656.0,Pune,0
32,1722.35,Mumbai,1
52,75378.38,Mumbai,0
65,30831.72,Delhi,0
48,3036.89,Pune,1
71,57443.46,Mumbai,0
29,81523.08,Pune,1
58,3921.97,Delhi,1
46,7184.79,Delhi,0
41,35292.12,Delhi,0
62,67204.81,Pune,0
47,42470.96,Mumbai,1
31,17753.34,Mumbai,1
77,8841.64,Bangalore,0
39,61509.73,Pune,1
71,62856.12,Mumbai,1
38,56927.7,Delhi,1
52,21091.89,Delhi,0
21,43240.65,Bangalore,1
69,67213.0,Bangalore,0
58,63819.43,Delhi,1
28,7424.47,Bangalore,1
31,11777.32,Mumbai,0
41,2956.67,Mumbai,1
74,132973.88,Delhi,0
31,27669.7,Mumbai,0
79,54275.37,Delhi,0
76,118048.84,Bangalore,0
20,4521.85,Mumbai,1
18,123716.1,Delhi,1
68,425.95,Pune,0
28,6208.29,Mumbai,1
35,24622.71,Bangalore,1
72,60947.3,Bangalore,1
49,66008.23,Pune,1
49,1902.07,Delhi,1
62,20927.62,Bangalore,1
33,67851.01,Delhi,0
61,44039.67,Mumbai,0
32,1844.08,Mumbai,1
58,30857.85,Pune,0
68,77132.83,Bangalore,0
33,59668.43,Bangalore,0
51,37969.72,Bangalore,1
20,4480.95,Bangalore,1
22,8765.01,Bangalore,1
69,57897.24,Delhi,0
53,16227.45,Mumbai,0
41,35824.94,Pune,1
46,19601.79,Pune,1
71,37245.66,Bangalore,0
62,27897.82,Delhi,1
60,109669.19,Bangalore,0
47,57745.48,Mumbai,0
38,2524.91,Delhi,1
59,10678.16,Mumbai,1
37,66382.1,Bangalore,0
58,24219.7,Delhi,1
44,3760.0,Mumbai,1
62,520.79,Mumbai,0
56,91728.74,Pune,0
36,58077.92,Mumbai,0
52,44612.27,Mumbai,1
48,4183.12,Pune,1
65,3414.89,Mumbai,1
71,22311.43,Mumbai,0
67,12786.87,Pune,1
53,3173.97,Pune,0
37,27167.13,Pune,0
37,6107.82,Delhi,1
34,22909.65,Mumbai,0
50,8953.32,Pune,1
49,15646.61,Bangalore,1
27,16463.08,Bangalore,0
31,46359.08,Mumbai,0
51,13066.03,Delhi,1
48,19180.49,Mumbai,1
18,45511.09,Bangalore,1
52,143142.07,Delhi,0
79,2539.4,Pune,1
31,24072.07,Bangalore,1
50,207477.31,Delhi,0
54,17881.24,Mumbai,1
38,59352.47,Bangalore,1
57,11569.88,Pune,1
73,61648.73,Mumbai,0
25,37819.32,Mumbai,1
41,96003.01,Delhi,0
69,11912.53,Mumbai,0
22,51584.18,Mumbai,0
47,6668.98,Mumbai,0
67,34512.18,Mumbai,1
40,97391.27,Delhi,0
41,29490.83,Mumbai,1
52,6566.48,Delhi,0
64,38290.34,Pune,1
25,91702.71,Delhi,1
73,135103.33,Mumbai,1
48,49076.95,Delhi,0
59,114460.89,Pune,0
24,23621.06,Delhi,1
35,54845.41,Mumbai,0
24,23155.77,Mumbai,0
56,87462.48,Pune,0
73,164525.94,Delhi,0
79,7552.53,Delhi,0
54,10326.75,Delhi,1
27,314.3,Pune,1
63,3956.5,Mumbai,0
60,106042.24,Bangalore,1
27,79221.68,Pune,1
65,71962.09,Bangalore,0
21,156346.93,Mumbai,1
62,6494.25,Delhi,0
46,79847.81,Mumbai,1
54,127361.04,Delhi,0
37,38799.88,Pune,1
24,106710.88,Pune,0
23,29526.4,Delhi,1
56,80219.37,Pune,1
28,129308.39,Mumbai,0
38,34635.03,Bangalore,0
54,26204.84,Bangalore,0
57,7919.66,Bangalore,1
22,328244.71,Delhi,0
57,13768.19,Delhi,0
76,172518.31,Bangalore,0
53,48346.52,Mumbai,1
18,16845.17,Delhi,1
67,1904.68,Mumbai,1
40,1097.29,Delhi,1
25,32398.56,Mumbai,1
43,17581.24,Delhi,0
56,47078.4,Delhi,0
30,57449.1,Delhi,1
33,100191.49,Bangalore,0
61,53459.43,Delhi,0
50,39309.55,Delhi,1
77,8603.3,Mumbai,0
79,76585.02,Bangalore,0
38,1248.38,Mumbai,1
29,5852.32,Delhi,1
22,50845.78,Bangalore,0
78,41500.5,Bangalore,0
36,25449.6,Delhi,1
28,44748.24,Bangalore,0
26,58399.79,Delhi,1
38,24318.41,Bangalore,0
70,156490.01,Pune,0
60,51414.8,Bangalore,0
35,75215.29,Delhi,1
47,19868.99,Pune,1
55,128368.38,Mumbai,0
44,3242.18,Pune,0
33,41106.68,Bangalore,1
18,25747.81,Delhi,1
20,46003.1,Bangalore,1
33,1961.37,Pune,1
50,61250.29,Bangalore,0
41,18140.94,Pune,1
65,29897.68,Delhi,0
58,32868.71,Mumbai,0
70,33512.22,Mumbai,0
70,2728.24,Pune,0
36,18667.56,Bangalore,1
24,20846.07,Pune,1
22,67282.24,Bangalore,1
27,19278.15,Bangalore,1
34,167119.97,Mumbai,0
32,158645.6,Bangalore,0
47,24100.87,Bangalore,0
35,20277.75,Pune,1
73,50590.43,Bangalore,0
59,61359.1,Delhi,0
69,111640.6,Bangalore,0
31,32122.03,Bangalore,1
29,54019.93,Mumbai,1
72,14406.4,Delhi,1
51,23753.4,Pune,1
69,28602.92,Pune,1
52,126922.24,Mumbai,1
40,84779.13,Mumbai,0
41,62364.46,Pune,0
33,9939.31,Delhi,1
53,1839.37,Mumbai,1
53,11190.79,Mumbai,1
75,21649.24,Delhi,1
51,100573.7,Pune,0
24,33162.5,Pune,0
62,7955.76,Mumbai,0
76,52786.14,Pune,0
31,16113.49,Bangalore,0
51,9054.06,Delhi,1
41,53024.74,Mumbai,1
62,63640.17,Bangalore,0
77,48991.19,Mumbai,0
39,47452.31,Pune,1
27,29223.57,Pune,0
21,27786.54,Mumbai,0
52,138406.6,Bangalore,0
30,72003.58,Bangalore,1
77,4932.14,Delhi,1
29,3108.78,Bangalore,0
57,12518.51,Delhi,0
48,24053.82,Bangalore,0
25,89628.92,Pune,0
47,13503.61,Bangalore,0
37,258610.0,Mumbai,0
56,3880.63,Mumbai,1
60,31593.26,Mumbai,0
51,70900.13,Bangalore,1
75,5972.47,Mumbai,1
73,9561.38,Pune,1
40,53952.25,Bangalore,0
69,107695.65,Delhi,0
30,82348.9,Mumbai,1
69,126306.54,Pune,0
46,54489.72,Mumbai,1
57,14452.5,Mumbai,1
54,186578.22,Bangalore,0
78,49036.13,Pune,1
52,11943.34,Mumbai,1
79,62740.08,Pune,0
67,97069.81,Mumbai,0
18,18816.28,Bangalore,1
33,15606.21,Mumbai,1
49,7438.41,Bangalore,1
69,7447.95,Pune,0
29,91078.21,Bangalore,1
70,10677.52,Delhi,1
75,2290.39,Pune,1
71,1467.78,Mumbai,1
33,25936.83,Pune,1
44,12767.6,Bangalore,1
69,2555.69,Mumbai,0
58,23170.61,Bangalore,0
42,55928.46,Pune,1
53,872.99,Delhi,1
22,3125.18,Mumbai,1
63,1922.71,Pune,1
45,10635.35,Mumbai,0
38,53370.92,Delhi,0
59,41615.68,Pune,1
40,35491.05,Pune,1
56,228273.59,Mumbai,0
47,67705.25,Pune,1
49,69495.4,Delhi,1
58,21937.02,Delhi,1
28,25888.55,Mumbai,1
78,29502.86,Delhi,0
79,27066.88,Delhi,0
67,11525.86,Bangalore,1
59,27224.54,Pune,0
45,31386.59,Delhi,1
60,3811.29,Delhi,1
46,99589.67,Pune,1
27,104707.41,Bangalore,0
51,15004.94,Delhi,0
72,35068.13,Pune,0
28,33826.23,Bangalore,0
32,144717.28,Delhi,0
18,11798.78,Pune,1
50,128433.11,Pune,0
67,13012.59,Bangalore,1
21,46461.68,Bangalore,1
41,21081.24,Bangalore,1
56,46065.94,Delhi,1
50,38589.15,Bangalore,1
59,26516.65,Mumbai,0
70,12319.83,Pune,1
73,91631.99,Bangalore,0
25,41802.47,Bangalore,1
61,34805.81,Bangalore,0
59,8066.43,Bangalore,0
69,12148.93,Mumbai,0
42,5281.76,Mumbai,1
38,62067.41,Bangalore,0
73,18307.96,Mumbai,0
76,120871.57,Mumbai,0
78,72533.66,Bangalore,1
30,8138.09,Mumbai,1
31,38019.81,Bangalore,0
19,64014.41,Pune,0
45,32113.42,Delhi,0
63,89210.87,Mumbai,0
51,11295.9,Pune,1
67,24180.85,Bangalore,1
41,13180.59,Bangalore,0
70,150028.3,Pune,0
38,9526.88,Pune,0
30,29543.16,Mumbai,1
46,31951.64,Bangalore,0
74,10547.55,Mumbai,1
74,228876.47,Delhi,1
57,78144.65,Mumbai,1
74,91296.35,Bangalore,0
22,5375.05,Bangalore,1
27,81718.3,Pune,0
76,67352.99,Delhi,1
30,119561.5,Bangalore,0
39,48071.65,Mumbai,1
70,37155.91,Bangalore,1
29,21136.45,Mumbai,1
65,5186.5,Mumbai,0
42,68925.9,Delhi,0
26,30449.58,Pune,1
63,87628.23,Bangalore,0
38,4678.0,Mumbai,1
53,15081.34,Delhi,1
23,6798.27,Bangalore,1
68,46708.04,Delhi,0
77,17422.74,Bangalore,1
53,45066.38,Bangalore,1
57,118645.16,Bangalore,0
72,77160.04,Mumbai,0
74,5010.77,Pune,0
32,44357.79,Pune,0
63,26847.01,Mumbai,0
45,3219.15,Pune,1
19,4689.05,Delhi,1
50,14461.95,Bangalore,1
26,21066.66,Bangalore,1
25,56471.06,Pune,0
47,107563.78,Pune,0
61,165944.32,Mumbai,0
41,28788.81,Mumbai,0
59,38437.31,Pune,0
74,37719.24,Mumbai,0
36,8471.39,Mumbai,0
55,53785.33,Mumbai,0
47,103250.1,Delhi,1
72,51632.91,Mumbai,0
77,25985.18,Mumbai,0
63,23146.13,Pune,1
60,100966.88,Delhi,0
68,9112.62,Pune,1
56,53553.43,Pune,0
46,35557.22,Bangalore,1
42,6221.19,Mumbai,1
78,18154.54,Bangalore,0
49,77310.75,Pune,1
61,14983.02,Bangalore,1
75,50578.83,Mumbai,0
59,28860.01,Pune,1
58,7746.74,Delhi,1
73,44895.94,Bangalore,0
68,68877.93,Mumbai,1
60,41086.79,Pune,0
59,6358.31,Bangalore,1
35,110254.03,Delhi,1
22,41.2,Bangalore,1
70,15344.03,Pune,0
28,47811.41,Delhi,1
46,164375.46,Mumbai,0
21,21178.61,Pune,1
36,22072.46,Bangalore,0
31,381.98,Pune,1
65,94803.04,Pune,0
21,551.91,Mumbai,1
41,19182.14,Pune,1
67,129591.28,Bangalore,0
29,3083.06,Mumbai,0
76,18196.68,Mumbai,1
40,178209.8,Mumbai,0
32,17350.4,Delhi,1
38,34584.85,Mumbai,1
25,29012.35,Delhi,1
51,90959.55,Bangalore,0
44,28657.85,Bangalore,0
24,6103.49,Bangalore,1
48,76824.34,Delhi,0
68,43318.44,Bangalore,1
66,53917.02,Delhi,0
40,85974.87,Mumbai,0
42,69886.63,Delhi,1
30,65428.94,Mumbai,0
70,35139.07,Pune,0
77,11826.29,Pune,1
77,10101.01,Bangalore,1
46,20596.21,Mumbai,0
41,15366.69,Pune,1
61,1449.14,Mumbai,0
76,123200.26,Pune,0
67,180462.76,Mumbai,0
42,27900.66,Delhi,1
70,33260.31,Delhi,1
65,7817.61,Mumbai,0
33,6400.08,Delhi,1
61,22890.95,Bangalore,0
77,20522.73,Bangalore,1
34,56381.14,Mumbai,1
79,84673.73,Bangalore,0
20,50631.75,Mumbai,0
65,82807.38,Pune,0
35,172203.36,Delhi,0
21,20546.52,Mumbai,1
24,21800.43,Delhi,1
48,19353.09,Delhi,1
54,68479.62,Mumbai,1
67,25711.14,Pune,1
19,1213.09,Bangalore,1
25,14652.08,Delhi,1
61,35321.2,Mumbai,0
36,65481.16,Mumbai,0
52,15344.03,Delhi,1
28,623.68,Pune,1
46,42619.13,Bangalore,0
58,1738.97,Bangalore,1
78,693.07,Mumbai,1
45,116425.01,Mumbai,0
68,151835.37,Mumbai,0
70,1902.0,Delhi,1
18,67902.98,Mumbai,0
70,19699.73,Mumbai,0
21,5378.94,Bangalore,0
56,38204.79,Bangalore,1
56,31076.65,Mumbai,1
71,55223.8,Bangalore,1
63,40064.16,Delhi,1
77,14350.43,Mumbai,0
59,13839.17,Mumbai,0
26,8674.7,Pune,0
25,1206.73,Bangalore,0
69,66206.21,Pune,0
62,7179.23,Delhi,1
59,69112.43,Bangalore,0
69,50846.77,Mumbai,1
41,136541.72,Pune,0
57,23137.71,Pune,1
34,4534.81,Mumbai,1
65,61958.53,Delhi,1
35,72475.79,Mumbai,0
43,89614.78,Bangalore,1
79,170006.9,Mumbai,0
29,56996.13,Mumbai,1
40,14117.33,Bangalore,1
66,69827.78,Mumbai,0
58,25600.33,Pune,0
24,332.79,Mumbai,1
75,23.35,Mumbai,0
25,55285.25,Pune,1
70,13471.8,Bangalore,1
66,10798.0,Bangalore,1
65,39481.3,Delhi,1
19,137158.75,Delhi,0
55,37056.08,Delhi,1
28,21553.15,Delhi,1
56,123220.18,Pune,0
58,30777.27,Mumbai,0
71,21296.67,Delhi,0
50,69932.2,Delhi,0
66,9027.15,Pune,0
62,52534.9,Bangalore,0
58,40412.69,Delhi,1
37,31446.59,Pune,0
71,16186.06,Delhi,1
68,34868.93,Delhi,1
78,63814.82,Mumbai,0
62,65568.18,Pune,0
54,14023.48,Mumbai,1
51,74684.45,Delhi,0
56,139105.88,Pune,0
29,3335.18,Delhi,1
78,98701.83,Mumbai,1
39,16058.03,Bangalore,1
65,42726.37,Pune,0
30,9944.62,Delhi,1
29,27209.8,Pune,1
56,1004.62,Mumbai,1
43,7959.65,Mumbai,1
68,31584.56,Delhi,1
40,2432.51,Bangalore,1
33,22561.79,Delhi,1
45,82787.6,Pune,1
75,73549.23,Mumbai,0
21,69179.53,Bangalore,1
54,3054.32,Bangalore,0
53,75417.91,Delhi,0
68,149484.8,Bangalore,0
22,45260.43,Delhi,0
58,49554.91,Pune,0
27,52459.46,Bangalore,0
34,49627.34,Mumbai,0
57,7494.19,Delhi,1
75,60189.25,Mumbai,0
53,23294.89,Bangalore,1
74,17879.85,Pune,0
39,19490.63,Mumbai,0
43,14879.81,Delhi,1
75,30680.65,Pune,0
65,157091.65,Delhi,0
47,77752.93,Bangalore,0
67,127831.32,Delhi,0
61,53369.48,Mumbai,0
54,7104.11,Delhi,0
49,11578.43,Pune,1
49,1998.39,Delhi,1
71,91328.39,Pune,0
42,16084.22,Pune,1
43,76097.08,Delhi,0
52,35852.45,Delhi,1
76,80606.13,Bangalore,0
37,100313.1,Pune,0
55,77844.18,Delhi,0
31,26866.31,Mumbai,1
49,205701.39,Bangalore,0
54,78354.02,Mumbai,0
55,41416.78,Pune,1
20,37559.01,Bangalore,1
25,15962.33,Mumbai,0
49,56236.73,Delhi,0
59,31770.59,Mumbai,0
69,18930.74,Mumbai,1
39,4084.58,Delhi,1
19,7776.75,Delhi,1
55,27283.44,Pune,1
69,16796.95,Bangalore,0
41,8974.65,Delhi,0
77,36691.12,Pune,0
26,79650.49,Mumbai,0
23,191936.7,Mumbai,0
40,31727.41,Mumbai,1
22,21346.71,Mumbai,1
30,62516.87,Delhi,1
19,18714.39,Pune,1
44,159569.98,Bangalore,0
54,9248.93,Bangalore,1
30,8327.91,Delhi,1
43,36101.9,Mumbai,0
78,183577.28,Mumbai,0
59,81984.18,Mumbai,1
23,216839.49,Delhi,0
29,51866.65,Delhi,1
47,146915.09,Delhi,0
61,24058.48,Bangalore,0
34,14934.56,Mumbai,1
44,144252.25,Mumbai,0
47,306108.46,Mumbai,0
76,21483.99,Delhi,0
68,17337.56,Mumbai,1
60,3275.8,Mumbai,0
64,96621.91,Mumbai,0
54,18837.19,Mumbai,1
79,67409.49,Pune,1
50,24810.52,Bangalore,1
68,24052.92,Delhi,1
43,47064.62,Delhi,1
18,13574.49,Mumbai,1
24,26060.68,Delhi,1
55,37105.66,Delhi,1
67,19854.66,Bangalore,0
27,44254.47,Delhi,1
58,5083.35,Bangalore,0
27,156204.04,Delhi,1
30,18789.57,Bangalore,1
31,58224.95,Delhi,1
20,12421.25,Delhi,1
26,101861.61,Delhi,0
24,72327.65,Mumbai,1
54,213398.59,Pune,0
18,1808.59,Bangalore,1
69,59563.31,Pune,0
77,2413.7,Delhi,1
52,33286.15,Pune,0
54,10741.73,Delhi,1
30,58572.77,Delhi,1
43,75551.13,Mumbai,0
49,54624.7,Pune,0
41,9979.88,Bangalore,0
61,9622.91,Delhi,1
68,58015.47,Pune,0
28,27971.95,Bangalore,0
46,30295.31,Bangalore,1
28,9708.02,Bangalore,1
75,8892.08,Pune,0
38,82640.35,Delhi,1
58,47575.5,Pune,0
49,38311.26,Mumbai,0
31,12944.97,Mumbai,0
66,12598.68,Pune,1
72,54714.01,Bangalore,0
55,8152.16,Mumbai,1
63,54804.58,Pune,1
51,17795.5,Pune,0
30,16248.49,Bangalore,1
49,42433.57,Pune,1
55,36766.46,Delhi,0
74,10797.31,Mumbai,1
50,29884.49,Bangalore,1
19,66014.48,Pune,0
28,34361.03,Mumbai,1
47,23684.61,Bangalore,1
49,49369.84,Pune,1
49,2352.23,Mumbai,0
73,15324.78,Bangalore,1
54,20048.12,Delhi,1
68,15669.05,Bangalore,0
29,6319.4,Bangalore,1
72,20192.13,Delhi,0
27,43657.69,Bangalore,0
78,26728.35,Delhi,0
54,56692.83,Pune,1
79,9795.12,Delhi,1
57,60245.21,Pune,0
65,60451.33,Mumbai,0
75,68111.42,Mumbai,1
78,33042.72,Pune,0
35,44993.37,Delhi,0
26,10731.36,Bangalore,1
43,20729.71,Delhi,1
45,3798.29,Mumbai,1
32,22083.57,Delhi,1
25,82771.6,Bangalore,1
41,35708.98,Pune,1
45,3559.63,Mumbai,1
25,10145.49,Bangalore,0
21,51201.5,Delhi,1
56,3058.52,Bangalore,0
19,45946.31,Mumbai,1
77,1833.15,Delhi,1
49,11228.76,Mumbai,0
30,4840.27,Mumbai,1
43,30927.03,Delhi,1
67,83200.78,Pune,1
66,7703.94,Pune,1
65,46749.72,Delhi,1
30,23449.95,Pune,1
35,77407.01,Delhi,0
26,168236.55,Pune,0
60,90765.73,Pune,1
25,180278.53,Delhi,0
43,62275.08,Pune,0
58,22334.08,Mumbai,0
49,78284.08,Bangalore,0
29,6663.65,Delhi,1
38,13801.76,Delhi,1
35,107474.47,Mumbai,0
37,63381.73,Mumbai,0
60,1770.73,Mumbai,1
46,12623.13,Pune,1
48,8070.1,Delhi,0
52,32068.48,Mumbai,1
34,9148.39,Delhi,1
29,64282.47,Bangalore,0
49,39643.22,Mumbai,0
38,20594.86,Bangalore,1
27,30747.74,Delhi,1
29,49469.56,Pune,1
37,143022.91,Bangalore,0
75,113071.6,Mumbai,0
68,54979.03,Delhi,0
25,66528.94,Pune,0
72,19318.12,Pune,1
65,38648.89,Delhi,0
76,105751.48,Delhi,0
38,169519.2,Pune,0
41,68065.17,Mumbai,1
47,302.48,Bangalore,0
34,7479.13,Delhi,1
66,92553.95,Pune,0
20,74912.27,Pune,1
45,157641.12,Pune,0
56,140576.93,Mumbai,0
28,57143.88,Delhi,0
38,66841.12,Pune,0
37,15450.6,Delhi,1
20,89782.65,Pune,1
70,107678.64,Bangalore,0
51,44489.55,Bangalore,0
24,14974.24,Mumbai,1
28,12769.71,Mumbai,0
46,103706.37,Bangalore,0
27,10203.33,Delhi,1
48,156064.63,Delhi,0
21,11905.33,Mumbai,1
29,11276.87,Bangalore,1
74,9984.04,Pune,0
69,26635.57,Delhi,0
51,69830.06,Bangalore,1
29,9914.5,Pune,0
25,13804.98,Mumbai,1
21,30591.7,Bangalore,0
27,18841.46,Bangalore,1
28,164035.66,Bangalore,0
76,62024.37,Mumbai,0
65,28077.72,Mumbai,1
22,1074.49,Mumbai,1
42,146763.93,Delhi,0
56,7197.03,Pune,1
59,70217.54,Bangalore,1
19,182.98,Bangalore,0
23,21213.57,Bangalore,1
41,69475.89,Delhi,1
39,173079.97,Mumbai,0
76,117913.92,Mumbai,0
64,24745.24,Pune,1
40,4690.78,Mumbai,1
62,47213.35,Mumbai,1
45,24331.11,Delhi,1
73,23459.86,Bangalore,0
22,14978.32,Mumbai,1
66,201810.61,Bangalore,0
22,2884.03,Mumbai,1
54,184300.93,Mumbai,0
53,8878.08,Delhi,1
58,141728.55,Bangalore,0
77,12968.28,Bangalore,1
20,34220.81,Mumbai,0
71,16031.39,Delhi,0
53,164856.92,Bangalore,0
58,89716.4,Pune,0
52,51555.42,Mumbai,1
78,66081.45,Pune,0
53,58306.28,Mumbai,0
44,38181.72,Mumbai,0
53,5378.99,Mumbai,1
77,11855.4,Mumbai,1
30,31038.65,Delhi,1
50,4701.69,Pune,0
78,44961.98,Delhi,0
21,68050.58,Delhi,0
31,5387.15,Delhi,0
46,126147.15,Mumbai,0
48,6888.01,Pune,1
77,104732.56,Pune,0
42,2491.05,Pune,1
43,69972.69,Mumbai,0
46,100684.12,Pune,1
79,998.79,Mumbai,1
29,157175.28,Mumbai,0
42,54118.14,Delhi,1
27,61970.94,Delhi,0
28,2034.32,Delhi,1
31,99381.21,Mumbai,0
33,28180.48,Delhi,1
54,15338.97,Delhi,0
32,23701.98,Bangalore,1
75,62831.07,Mumbai,1
54,50985.05,Pune,0
73,111897.58,Pune,0
27,20044.72,Pune,1
60,20568.95,Bangalore,0
40,34046.73,Pune,1
25,34192.69,Delhi,0
78,30944.72,Pune,1
74,5600.11,Bangalore,0
25,36951.82,Pune,0
68,26816.48,Bangalore,0
58,8771.71,Bangalore,1
76,45704.8,Bangalore,0
32,60356.72,Bangalore,1
57,10116.74,Delhi,1
43,90287.49,Delhi,0
27,112493.69,Delhi,1
22,127037.07,Mumbai,1
41,101886.08,Mumbai,1
64,4927.2,Bangalore,1
51,44662.29,Delhi,1
70,81927.23,Bangalore,0
28,19862.76,Mumbai,1
65,99301.86,Bangalore,0
41,35110.87,Mumbai,1
38,138948.31,Delhi,0
36,3989.55,Mumbai,0
51,66658.41,Pune,0
75,9749.56,Bangalore,0
37,63660.84,Delhi,0
53,398.53,Mumbai,0
78,59219.07,Bangalore,0
21,5099.98,Pune,1
44,154082.14,Delhi,0
59,38936.9,Bangalore,1
68,23717.31,Pune,0
77,24107.57,Delhi,0
23,49070.16,Bangalore,1
76,14982.46,Bangalore,0
76,15124.81,Mumbai,0
60,10235.19,Bangalore,0
72,13574.69,Bangalore,0
48,21606.32,Mumbai,0
60,11718.42,Bangalore,0
63,15091.13,Pune,1
47,68177.1,Bangalore,1
21,223290.39,Delhi,0
60,55937.18,Delhi,1
37,1373.57,Pune,1
69,37604.47,Delhi,1
60,11123.32,Pune,1
26,81938.39,Delhi,0
23,62785.14,Pune,0
59,27450.58,Mumbai,0
41,68771.05,Pune,0
52,29493.91,Pune,0
47,65865.8,Delhi,0
57,14246.65,Delhi,1
78,51838.09,Mumbai,0
34,16725.13,Bangalore,1
67,10754.58,Bangalore,0
74,34625.05,Pune,1
51,24415.91,Delhi,0
49,239656.34,Mumbai,1
51,19420.45,Bangalore,0
53,112974.7,Delhi,1
18,10951.67,Delhi,1
55,67193.45,Mumbai,1
28,114873.16,Mumbai,1
30,106138.85,Bangalore,1
72,12564.09,Mumbai,1
27,33436.47,Delhi,0
73,1902.85,Bangalore,0
56,45638.78,Pune,0
71,30616.77,Delhi,1
30,32690.35,Pune,1
64,34218.85,Mumbai,1
27,47892.98,Pune,1
41,22032.12,Pune,1
53,4904.34,Pune,1
48,28044.62,Pune,0
77,22717.97,Delhi,0
66,19176.05,Bangalore,1
72,47563.84,Delhi,0
32,113383.76,Delhi,0
49,11565.63,Mumbai,0
33,10418.52,Pune,1
62,3797.56,Pune,1
50,55940.39,Bangalore,1
31,14308.0,Bangalore,1
59,52725.9,Pune,0
32,25511.61,Mumbai,1
63,142014.69,Mumbai,0
53,30331.86,Bangalore,0
31,77193.18,Bangalore,1
72,2075.94,Delhi,1
64,102509.9,Mumbai,1
76,6996.81,Delhi,0
43,91764.03,Mumbai,1
72,72496.97,Pune,0
41,72783.11,Mumbai,0
31,111105.15,Mumbai,0
37,10374.85,Pune,0
74,46571.22,Bangalore,0
64,66733.84,Delhi,1
30,21841.7,Mumbai,1
28,98047.14,Bangalore,0
56,39585.11,Mumbai,0
46,40628.94,Mumbai,1
66,16717.35,Mumbai,1
24,41017.19,Pune,1
35,739.34,Pune,1
66,83842.06,Bangalore,1
61,46000.79,Delhi,1
56,32147.43,Delhi,1
50,66913.71,Bangalore,0
28,23934.35,Delhi,1
58,84603.33,Bangalore,0
35,162328.4,Mumbai,0
64,21606.92,Mumbai,0
27,155355.08,Delhi,0
43,17060.25,Delhi,1
40,31590.11,Pune,1
56,6696.12,Bangalore,0
68,75871.46,Delhi,0
57,12455.45,Delhi,1
39,14417.66,Mumbai,1
28,10435.99,Mumbai,1
70,66464.67,Delhi,0
39,32144.45,Bangalore,1
49,84039.35,Bangalore,1
23,37353.25,Bangalore,0
46,13154.0,Delhi,1
64,88531.65,Bangalore,0
55,8262.2,Pune,0
53,23799.59,Mumbai,0
60,67053.4,Delhi,0
41,73111.1,Bangalore,0
57,50886.37,Mumbai,0
19,75326.27,Pune,1
79,5900.01,Bangalore,0
52,85506.25,Pune,0
47,83351.15,Delhi,1
51,9679.58,Bangalore,0
54,62430.03,Delhi,0
46,9061.13,Bangalore,1
65,899.41,Pune,0
69,125241.27,Mumbai,0
34,182.65,Mumbai,1
18,60466.82,Mumbai,1
49,12346.35,Bangalore,1
75,25093.18,Mumbai,0
79,43143.43,Delhi,1
78,69448.36,Delhi,1
63,44924.58,Mumbai,0
27,71662.82,Mumbai,1
75,17167.78,Delhi,0
71,71327.16,Pune,0
19,24310.66,Delhi,1
56,49317.94,Mumbai,1
68,88498.96,Delhi,0
74,22630.9,Delhi,1
78,58553.77,Mumbai,1
64,4397.83,Mumbai,1
51,25540.08,Delhi,1
59,15432.96,Pune,0
20,34369.36,Delhi,1
66,109316.22,Mumbai,0
52,150068.29,Mumbai,0
35,200611.4,Mumbai,1
45,61015.07,Mumbai,1
48,92074.93,Mumbai,0
68,9668.9,Delhi,0
48,8423.46,Bangalore,1
68,29110.76,Pune,1
27,20596.19,Delhi,0
75,23129.83,Pune,0
32,54826.69,Bangalore,1
59,3777.33,Delhi,1
18,98175.43,Bangalore,0
31,653.9,Delhi,0
72,53081.33,Bangalore,1
75,120396.89,Bangalore,0
20,306918.21,Bangalore,0
70,145962.91,Delhi,0
23,25436.46,Pune,0
37,12791.96,Pune,1
61,21409.55,Delhi,1
46,67068.27,Mumbai,1
71,35362.84,Pune,1
44,20435.77,Bangalore,1
61,151622.28,Pune,1
44,10146.51,Delhi,0
62,28322.13,Bangalore,0
71,9405.58,Mumbai,0
41,8467.36,Bangalore,0
45,36685.33,Mumbai,0
66,50678.36,Mumbai,0
27,25269.46,Bangalore,1
65,140608.13,Delhi,0
49,13784.66,Bangalore,1
40,132433.62,Bangalore,1
67,13560.0,Mumbai,0
75,208933.04,Pune,0
22,36229.0,Bangalore,1
46,6837.57,Mumbai,1
77,26376.84,Mumbai,0
59,41840.92,Pune,0
60,44439.34,Mumbai,0
42,111076.57,Mumbai,1
50,53166.84,Mumbai,1
53,24352.73,Mumbai,1
59,26752.74,Mumbai,1
23,140216.09,Delhi,0
60,56463.02,Bangalore,1
44,7488.08,Delhi,1
30,435.19,Delhi,1
65,22079.78,Delhi,1
48,93476.24,Pune,0
70,254737.61,Bangalore,0
22,14908.46,Mumbai,1
39,155178.5,Delhi,0
28,4995.17,Pune,1
21,1400.94,Bangalore,1
51,130929.81,Delhi,0
28,67017.43,Bangalore,1
41,63080.62,Mumbai,1
35,40679.86,Bangalore,0
47,125523.61,Mumbai,0
48,37223.26,Mumbai,0
36,13016.51,Pune,1
34,20377.05,Mumbai,0
23,24821.17,Mumbai,1
40,51161.42,Bangalore,1
64,18096.96,Bangalore,0
19,127230.97,Bangalore,0
33,28037.35,Pune,0
43,41646.01,Mumbai,0
71,56424.85,Pune,0
61,68936.18,Mumbai,0
44,35116.2,Bangalore,1
45,85546.39,Pune,0
31,15758.16,Bangalore,1
30,58147.7,Mumbai,0
54,273.07,Pune,1
75,17420.45,Delhi,0
54,53641.34,Mumbai,1
29,38328.19,Delhi,1
66,39665.02,Bangalore,0
71,31245.62,Bangalore,1
75,39251.63,Mumbai,0
29,42504.83,Mumbai,1
61,62751.82,Delhi,0
27,71024.67,Delhi,0
63,13633.17,Mumbai,1
48,80565.3,Pune,1
74,49663.27,Bangalore,0
58,56.07,Bangalore,0
70,109037.61,Delhi,0
46,47189.6,Bangalore,0
79,103426.99,Mumbai,0
49,115410.07,Delhi,0
53,33881.28,Delhi,1
56,13129.23,Pune,0
41,40131.21,Bangalore,1
47,18645.31,Mumbai,1
65,34011.73,Mumbai,0
77,68372.68,Bangalore,0
25,13086.41,Delhi,1
27,93627.4,Bangalore,0
50,39785.55,Mumbai,1
42,45018.25,Pune,0
19,246044.73,Delhi,0
25,90568.33,Delhi,1
28,865.92,Delhi,1
30,49049.8,Bangalore,0
39,26591.19,Mumbai,1
56,33050.27,Mumbai,0
74,131190.13,Delhi,0
71,82265.57,Mumbai,0
44,26456.73,Mumbai,1
39,23591.33,Delhi,1
38,20009.67,Pune,1
70,85652.02,Delhi,0
22,18938.26,Mumbai,1
41,887.53,Bangalore,1
39,15817.85,Bangalore,1
61,1296.02,Mumbai,1
51,30151.15,Mumbai,1
24,21964.18,Bangalore,0
35,5079.98,Delhi,0
52,4605.89,Pune,1
66,40106.11,Delhi,1
20,173217.88,Delhi,1
40,16970.66,Delhi,1
26,67644.17,Mumbai,0
76,27030.76,Mumbai,0
36,1413.36,Pune,1
18,26308.83,Pune,0
21,25260.26,Delhi,0
27,42016.81,Mumbai,1
72,15391.71,Bangalore,0
64,41373.42,Delhi,1
68,21101.19,Delhi,1
57,13562.0,Pune,0
75,19182.25,Bangalore,0
54,1455.84,Bangalore,0
31,11112.3,Pune,0
23,128736.86,Pune,0
45,72433.41,Bangalore,1
42,21689.31,Mumbai,1
68,16091.26,Mumbai,0
62,123371.8,Delhi,1
35,14823.66,Pune,0
55,423.14,Delhi,1
58,19611.34,Mumbai,0
49,7803.84,Mumbai,0
39,18324.82,Mumbai,0
46,112835.63,Delhi,0
41,40327.47,Mumbai,1
19,8981.99,Mumbai,1
59,72232.9,Delhi,0
66,36363.69,Mumbai,1
76,39706.96,Delhi,0
77,27492.5,Delhi,0
68,58722.57,Delhi,0
73,33694.12,Mumbai,1
39,105536.77,Mumbai,1
39,18457.85,Delhi,0
22,53084.46,Bangalore,1
49,11932.21,Pune,1
78,21480.67,Mumbai,0
70,27160.69,Bangalore,0
39,112798.49,Bangalore,0
27,30878.66,Mumbai,1
62,128084.9,Bangalore,0
27,52997.86,Pune,0
21,117113.85,Mumbai,0
30,42880.55,Pune,0
18,169364.92,Bangalore,0
67,35173.48,Pune,0
57,416157.33,Pune,0
46,47941.63,Mumbai,0
71,70483.37,Pune,0
45,13869.64,Delhi,0
44,39452.58,Delhi,1
64,18937.93,Mumbai,0
57,27547.6,Pune,1
52,1957.28,Delhi,1
61,2507.49,Pune,0
29,12845.7,Bangalore,0
70,40674.79,Pune,0
54,90294.81,Delhi,1
23,24069.29,Pune,1
21,41083.86,Delhi,1
51,103227.69,Delhi,0
70,37866.35,Pune,0
45,59881.17,Bangalore,0
65,8566.98,Mumbai,0
39,18860.4,Pune,0
39,80138.61,Mumbai,1
40,79601.23,Mumbai,1
19,23156.7,Bangalore,1
43,8121.83,Mumbai,1
74,77568.84,Pune,0
28,2558.47,Mumbai,1
71,38440.25,Mumbai,0
71,8965.3,Mumbai,1
26,42302.73,Bangalore,0
35,57458.03,Bangalore,1
19,1139.13,Pune,1
42,105538.86,Delhi,0
49,135731.15,Pune,0
54,27562.88,Pune,0
26,2444.06,Mumbai,1
60,20407.99,Bangalore,0
53,14610.41,Pune,0
48,47651.44,Pune,1
58,76548.25,Bangalore,0
45,26433.84,Delhi,0
28,104771.71,Pune,1
40,35318.18,Bangalore,0
62,127467.42,Bangalore,0
49,64368.11,Mumbai,1
51,60856.1,Bangalore,0
32,40854.45,Delhi,1
65,11783.89,Pune,0
19,5666.99,Delhi,0
20,17389.34,Mumbai,1
74,73289.93,Pune,0
52,141699.77,Bangalore,1
29,8230.26,Delhi,1
52,32713.97,Pune,0
42,38071.11,Bangalore,1
63,20705.98,Delhi,0
51,31568.84,Pune,1
35,15389.9,Mumbai,0
38,25536.52,Pune,1
77,73045.5,Bangalore,0
44,16580.69,Delhi,0
33,82478.53,Mumbai,1
42,13783.75,Bangalore,0
69,69849.41,Pune,0
46,57062.74,Mumbai,0
31,6172.79,Pune,0
65,16704.92,Bangalore,0
54,49983.4,Bangalore,1
50,14241.86,Bangalore,0
50,3741.89,Delhi,1
71,12345.56,Mumbai,0
30,17891.23,Delhi,1
59,91672.18,Mumbai,0
63,15916.69,Mumbai,1
49,22837.67,Pune,1
62,16071.87,Pune,1
38,14984.68,Mumbai,0
40,12710.03,Mumbai,1
22,58387.1,Delhi,1
37,5940.58,Delhi,1
37,162867.33,Bangalore,0
51,129196.8,Mumbai,0
56,78284.98,Mumbai,1
73,1450.03,Delhi,1
48,11981.87,Mumbai,0
40,45861.61,Mumbai,0
26,68433.5,Delhi,1
35,47827.11,Bangalore,1
53,82076.18,Bangalore,0
26,108856.46,Bangalore,1
36,14420.96,Mumbai,0
51,36242.56,Pune,0
34,109066.54,Pune,1
34,17966.37,Pune,1
37,24688.86,Pune,1
36,50712.23,Bangalore,0
60,59747.46,Pune,0
60,20083.26,Pune,1
59,92364.18,Mumbai,0
22,78049.33,Delhi,1
23,8329.05,Mumbai,1
57,22602.96,Delhi,0
30,13536.55,Pune,0
60,55876.83,Mumbai,0
55,8351.98,Bangalore,1
79,110399.5,Mumbai,0
23,98248.98,Bangalore,1
79,4794.59,Delhi,1
65,27500.4,Bangalore,0
47,24552.05,Bangalore,0
64,45084.54,Mumbai,1
22,12144.83,Bangalore,0
29,95355.5,Mumbai,1
46,60097.45,Bangalore,1
79,30502.99,Mumbai,1
44,26626.07,Bangalore,1
68,40264.28,Bangalore,1
53,70143.95,Mumbai,1
25,221268.44,Mumbai,0
64,51213.95,Mumbai,0
73,72201.9,Mumbai,0
74,14881.45,Mumbai,1
35,31558.59,Delhi,1
67,21124.41,Mumbai,0
47,11332.99,Delhi,1
58,2178.12,Pune,1
26,38082.79,Mumbai,1
49,46294.2,Mumbai,1
45,14753.09,Bangalore,1
48,183627.12,Mumbai,1
68,33599.36,Delhi,1
30,35559.17,Mumbai,1
53,11913.54,Mumbai,1
62,32778.62,Delhi,1
22,16680.64,Mumbai,1
58,8086.17,Mumbai,0
37,24225.14,Mumbai,0
36,144954.06,Bangalore,0
51,37773.57,Pune,1
20,144972.72,Pune,1
45,44604.79,Pune,1
39,14671.62,Pune,1
47,31192.3,Pune,1
72,18786.06,Mumbai,1
79,58719.9,Delhi,1
52,16972.35,Mumbai,1
48,223.98,Pune,1
27,55141.0,Delhi,1
78,58132.8,Delhi,1
66,8615.8,Mumbai,1
21,37704.14,Bangalore,1
55,38958.56,Mumbai,1
72,32316.22,Delhi,1
42,124814.17,Bangalore,0
43,2843.09,Delhi,0
31,50598.56,Delhi,0
71,6793.35,Delhi,0
64,65170.4,Bangalore,0
75,60877.21,Bangalore,0
26,18877.99,Pune,1
51,67350.59,Mumbai,0
74,27598.33,Pune,0
24,73978.23,Pune,0
23,22974.47,Bangalore,1
40,15284.88,Delhi,0
46,18874.14,Mumbai,1
22,23956.82,Mumbai,1
49,11843.12,Bangalore,1
68,10772.29,Bangalore,0
38,60426.5,Delhi,1
78,53269.67,Mumbai,0
31,35856.98,Pune,1
60,183388.8,Mumbai,0
37,55598.12,Pune,0
41,120659.25,Delhi,0
75,14464.47,Mumbai,0
64,14102.5,Delhi,1
76,54096.35,Pune,0
79,38943.6,Mumbai,1
43,36972.25,Pune,1
47,15142.79,Mumbai,1
24,5062.23,Delhi,0
23,32383.2,Mumbai,0
63,11565.71,Pune,1
54,35846.89,Mumbai,1
60,82452.64,Pune,0
71,39556.53,Pune,0
20,37625.7,Mumbai,1
60,72782.13,Delhi,0
35,2727.05,Delhi,0
67,10386.72,Pune,0
37,13739.2,Bangalore,1
47,1215.53,Pune,0
23,10054.11,Delhi,1
66,187379.47,Bangalore,0
69,12780.97,Mumbai,1
56,17221.45,Bangalore,1
35,21572.74,Bangalore,1
28,162064.24,Mumbai,0
28,47483.3,Mumbai,0
69,568.9,Pune,0
78,9816.73,Bangalore,1
39,37307.74,Delhi,0
38,9413.2,Bangalore,1
59,55889.18,Mumbai,1
65,66861.42,Delhi,1
44,41428.72,Mumbai,1
67,50126.88,Bangalore,0
75,37983.89,Mumbai,0
72,94097.76,Mumbai,0
41,11850.23,Bangalore,1
62,24535.08,Bangalore,1
27,29830.52,Mumbai,1
41,17432.93,Delhi,0
41,711.12,Pune,1
73,18518.58,Delhi,0
29,95186.97,Pune,1
79,6381.65,Pune,1
71,23499.31,Mumbai,0
31,32341.09,Pune,1
44,109840.28,Pune,0
34,54865.87,Mumbai,1
49,175105.52,Mumbai,0
53,15950.1,Delhi,1
68,27315.58,Delhi,0
20,8852.49,Delhi,1
73,29865.56,Mumbai,0
73,33593.44,Delhi,0
59,101108.55,Bangalore,0
72,11621.98,Bangalore,1
53,240128.47,Bangalore,0
68,32819.98,Pune,0
58,55059.41,Pune,1
35,325353.43,Pune,0
68,46482.06,Delhi,1
62,19269.3,Pune,1
39,2676.11,Pune,1
70,24366.03,Bangalore,0
70,115505.18,Bangalore,0
70,2933.08,Bangalore,0
79,87024.99,Pune,0
43,8511.21,Delhi,0
42,67842.37,Delhi,0
24,12355.37,Bangalore,1
67,3831.07,Delhi,1
26,125933.28,Mumbai,0
69,34880.13,Delhi,0
68,19164.03,Mumbai,1
47,22608.01,Delhi,1
43,79611.36,Mumbai,1
67,106076.93,Mumbai,0
76,14246.19,Pune,1
21,765.0,Delhi,0
69,55916.64,Bangalore,1
24,66039.37,Delhi,1
25,7932.43,Mumbai,1
20,38391.88,Delhi,0
54,42915.83,Delhi,1
71,93506.46,Bangalore,0
24,12199.24,Mumbai,1
42,4788.99,Bangalore,0
51,22440.1,Pune,1
63,17599.06,Pune,0
73,125494.45,Mumbai,0
36,8352.81,Mumbai,1
79,9213.67,Mumbai,1
71,40467.26,Delhi,1
71,2881.78,Pune,1
36,57845.12,Delhi,0
66,13881.95,Delhi,0
60,30259.47,Mumbai,0
53,21099.21,Delhi,1
74,29946.24,Pune,0
50,461568.41,Delhi,0
43,56382.11,Mumbai,1
41,89818.92,Pune,0
70,92046.65,Delhi,0
55,7697.92,Pune,0
61,19141.08,Pune,1
52,92821.02,Mumbai,1
24,93824.4,Bangalore,0
72,8757.5,Bangalore,0
43,10352.47,Bangalore,1
21,2976.21,Mumbai,1
67,889.71,Delhi,1
50,21497.47,Mumbai,0
77,76166.69,Delhi,0
73,71128.02,Pune,0
32,24151.77,Mumbai,1
53,312.15,Pune,1
34,57007.06,Bangalore,0
32,34764.45,Delhi,0
18,80302.06,Mumbai,1
48,16736.46,Delhi,1
60,22723.54,Delhi,1
75,20962.3,Pune,0
53,73945.34,Delhi,0
73,7041.45,Delhi,1
63,118305.62,Pune,0
52,55368.57,Delhi,1
19,53578.95,Bangalore,1
25,37341.22,Delhi,1
59,4297.82,Mumbai,1
29,4263.41,Pune,0
61,3078.34,Delhi,0
21,21463.58,Mumbai,1
74,23741.49,Bangalore,1
64,15988.9,Bangalore,0
20,928.19,Mumbai,0
38,6556.47,Mumbai,1
56,40260.42,Delhi,0
26,27283.45,Pune,0
76,47128.96,Pune,0
43,17227.38,Pune,1
56,7574.45,Mumbai,1
48,27955.64,Bangalore,1
32,23119.71,Mumbai,1
36,101652.55,Bangalore,0
43,66453.1,Pune,1
40,19816.93,Mumbai,0
64,401.2,Pune,1
71,114483.3,Mumbai,0
72,21718.95,Delhi,0
27,210150.97,Pune,0
49,31795.57,Mumbai,0
76,56640.97,Delhi,0
56,25402.97,Pune,0
53,2254.07,Bangalore,1
77,11104.7,Delhi,0
31,7796.59,Bangalore,1
58,23132.32,Mumbai,1
65,196916.93,Bangalore,1
46,36319.4,Pune,0
20,5887.82,Bangalore,1
24,8181.08,Delhi,1
48,45443.06,Bangalore,1
65,36623.77,Pune,1
58,15781.53,Mumbai,1
74,59646.04,Bangalore,0
55,72076.4,Pune,0
43,83283.45,Bangalore,0
79,34458.77,Delhi,0
38,93882.19,Pune,1
64,29640.7,Delhi,1
25,34071.62,Bangalore,1
46,51530.39,Delhi,0
44,51328.26,Mumbai,0
35,42730.53,Pune,1
78,4814.71,Bangalore,1
73,20250.13,Delhi,1
54,38133.87,Bangalore,1
52,44345.15,Pune,0
45,151493.56,Mumbai,0
61,56968.19,Pune,0
18,5468.19,Delhi,0
78,29727.15,Delhi,1
49,16001.63,Pune,1
68,19948.41,Mumbai,0
36,109878.84,Mumbai,1
33,50220.25,Mumbai,1
31,12590.56,Mumbai,1
58,56163.62,Delhi,0
39,27809.31,Bangalore,0
29,16726.96,Delhi,1
67,3023.72,Mumbai,1
69,8717.91,Delhi,1
54,87444.64,Pune,1
68,9740.56,Bangalore,1
37,1251.19,Delhi,1
21,14733.61,Pune,1
69,41707.71,Delhi,1
24,32288.81,Pune,1
52,10826.51,Mumbai,0
28,95224.11,Pune,0
58,124599.38,Delhi,0
61,25160.74,Delhi,1
42,1640.65,Mumbai,1
55,169845.71,Delhi,0
69,16148.44,Mumbai,0
40,83662.03,Bangalore,0
49,18643.57,Pune,1
57,49484.33,Bangalore,0
43,29415.94,Delhi,0
56,3476.59,Mumbai,1
38,67902.46,Pune,1
33,65078.13,Pune,0
59,102574.34,Mumbai,0
44,25534.96,Pune,0
74,50120.4,Mumbai,1
22,463.72,Bangalore,1
77,13217.71,Delhi,0
55,721.31,Delhi,0
36,14239.95,Bangalore,0
18,16104.76,Pune,1
55,207231.62,Pune,0
29,48306.66,Bangalore,0
31,23215.82,Mumbai,1
69,5117.69,Pune,1
73,17444.45,Bangalore,0
39,2901.16,Bangalore,1
76,39873.58,Delhi,1
26,134371.87,Pune,0
55,61968.96,Mumbai,1
19,18841.13,Bangalore,1
70,13798.15,Pune,0
27,5692.59,Delhi,1
22,37497.26,Mumbai,1
38,86528.9,Mumbai,1
60,1218.75,Pune,0
56,121361.6,Pune,0
65,76288.18,Bangalore,0
32,24070.23,Bangalore,1
74,49675.83,Mumbai,0
33,31941.05,Mumbai,1
70,60301.16,Bangalore,0
63,44311.43,Delhi,0
56,24495.34,Delhi,0
35,114569.88,Bangalore,0
27,111833.32,Mumbai,0
25,17789.56,Bangalore,0
69,9361.31,Delhi,0
31,2857.21,Mumbai,1
32,37793.48,Mumbai,1
33,97511.07,Delhi,0
58,2328.88,Bangalore,1
65,215472.79,Mumbai,0
21,5210.95,Mumbai,1
33,66576.98,Mumbai,0
35,12277.08,Delhi,1
63,39448.28,Delhi,0
49,53143.66,Pune,0
66,42379.57,Bangalore,1
68,70274.08,Bangalore,0
29,40200.33,Mumbai,1
19,2957.29,Bangalore,1
18,76680.17,Bangalore,1
26,37009.09,Bangalore,1
44,21126.74,Delhi,0
66,92489.36,Pune,0
40,2267.76,Delhi,1
25,25112.71,Bangalore,0
58,32688.57,Mumbai,1
27,2869.76,Delhi,1
32,17395.72,Mumbai,1
66,18217.35,Bangalore,1
20,28045.57,Delhi,1
31,57778.33,Bangalore,1
56,22347.96,Pune,1
52,79334.68,Delhi,0
28,40134.83,Delhi,0
38,30118.32,Delhi,1
41,10214.85,Bangalore,0
22,46113.11,Bangalore,1
33,31606.46,Pune,0
72,39557.71,Pune,0
18,7038.99,Mumbai,1
37,32080.54,Bangalore,1
57,258.32,Pune,1
44,27695.67,Pune,0
44,3026.25,Bangalore,1
65,188018.12,Bangalore,0
49,18215.18,Bangalore,0
69,49770.06,Delhi,0
45,33384.86,Mumbai,1
26,24200.6,Pune,1
69,18135.46,Mumbai,0
36,24134.72,Bangalore,1
22,38815.14,Mumbai,0
68,52093.46,Mumbai,0
73,16989.8,Bangalore,1
58,5295.19,Pune,1
65,8096.21,Mumbai,1
30,61299.61,Pune,0
59,45505.64,Pune,0
72,122095.24,Delhi,0
30,81686.74,Delhi,1
51,29217.64,Mumbai,1
78,4785.47,Pune,0
58,145948.06,Delhi,0
25,54264.72,Bangalore,1
53,111155.85,Bangalore,1
34,75949.86,Delhi,0
27,3227.02,Pune,1
74,24338.76,Pune,0
24,4030.36,Bangalore,1
44,912.23,Delhi,1
45,12553.46,Bangalore,0
44,112005.36,Delhi,0
34,23423.06,Delhi,1
41,77065.15,Mumbai,0
74,5540.28,Delhi,0
50,9537.96,Bangalore,1
69,30081.04,Delhi,0
42,31582.16,Mumbai,1
78,96195.12,Pune,0
40,9121.59,Bangalore,1
32,82523.67,Pune,1
20,83800.52,Bangalore,1
41,42726.26,Delhi,0
39,18591.9,Pune,0
62,16876.77,Bangalore,1
51,23361.41,Mumbai,1
39,93852.05,Pune,0
26,7875.63,Pune,1
55,63378.29,Delhi,0
67,128368.48,Mumbai,0
74,72386.93,Pune,0
64,212999.14,Mumbai,0
74,114489.54,Bangalore,0
58,7279.52,Delhi,1
34,14672.42,Pune,1
63,111830.41,Mumbai,0
22,73147.52,Mumbai,1
21,33244.35,Delhi,1
60,21571.45,Delhi,1
75,4894.16,Delhi,1
61,36034.64,Bangalore,0
66,36664.02,Pune,0
30,137549.45,Pune,0
22,9051.41,Mumbai,1
44,10075.58,Mumbai,1
46,55100.6,Mumbai,1
45,60424.07,Mumbai,0
52,68096.89,Delhi,0
57,21580.98,Mumbai,1
23,39182.96,Pune,0
72,12058.45,Mumbai,0
79,37600.55,Delhi,0
72,7366.27,Delhi,0
50,28241.59,Bangalore,0
24,66932.25,Pune,1
60,14165.82,Mumbai,1
63,19745.48,Pune,0
79,25863.66,Pune,0
49,7929.31,Mumbai,1
20,91239.33,Mumbai,0
63,29656.95,Delhi,0
26,28131.64,Delhi,1
24,48154.22,Bangalore,0
22,195094.89,Delhi,0
32,16395.26,Pune,1
55,1383.62,Mumbai,1
37,52485.64,Bangalore,1
21,50481.69,Mumbai,1
36,66404.6,Mumbai,1
73,10003.46,Bangalore,0
59,183119.03,Mumbai,0
51,56240.07,Mumbai,0
55,19548.48,Bangalore,0
19,28804.12,Mumbai,1
45,149356.8,Pune,0
33,309759.8,Bangalore,0
31,56099.41,Bangalore,0
74,41719.44,Bangalore,0
77,10490.13,Mumbai,0
67,54467.91,Pune,0
40,816.79,Bangalore,1
46,36156.73,Mumbai,0
71,142142.99,Delhi,0
74,10918.86,Pune,0
27,47330.28,Pune,1
41,133041.99,Bangalore,0
53,26985.78,Delhi,0
27,76030.95,Mumbai,0
32,78066.71,Pune,0
64,171074.75,Pune,0
66,10022.93,Delhi,1
57,55632.35,Pune,0
60,96466.41,Mumbai,0
57,48723.49,Bangalore,1
19,151230.53,Delhi,1
56,5625.77,Mumbai,1
78,11928.91,Pune,0
38,27777.72,Mumbai,1
52,25265.5,Delhi,1
47,22998.75,Pune,0
76,8654.0,Bangalore,0
75,38521.41,Pune,0
73,34381.94,Delhi,0
27,59686.68,Pune,1
64,94114.39,Delhi,0
57,13272.67,Delhi,0
65,59402.48,Delhi,0
19,115047.17,Pune,1
67,116507.67,Delhi,0
79,5819.51,Mumbai,1
27,13020.5,Delhi,0
68,45512.65,Bangalore,0
38,108986.41,Delhi,0
24,6501.57,Mumbai,1
63,34118.91,Delhi,0
68,5507.68,Mumbai,1
55,3069.32,Delhi,1
61,33407.3,Bangalore,0
19,38983.07,Bangalore,0
33,43152.35,Delhi,1
78,119084.77,Mumbai,0
67,53492.35,Bangalore,0
79,144785.33,Delhi,0
56,97671.84,Bangalore,1
25,208681.64,Bangalore,0
22,175903.29,Delhi,0
46,77322.2,Mumbai,0
21,13718.05,Pune,0
26,36056.75,Bangalore,1
71,28264.34,Pune,1
43,38558.49,Mumbai,1
65,88800.44,Bangalore,1
62,41398.83,Bangalore,0
26,126360.71,Delhi,1
28,32114.39,Mumbai,1
76,208637.87,Delhi,0
75,4961.42,Bangalore,1
69,79946.24,Mumbai,1
26,50784.96,Mumbai,1
72,89122.82,Delhi,0
65,13978.53,Bangalore,0
30,71335.23,Bangalore,0
70,12061.48,Pune,0
31,65291.49,Pune,0
49,69734.69,Delhi,0
20,61769.0,Pune,1
69,23448.73,Mumbai,1
42,10186.01,Bangalore,1
73,12559.56,Bangalore,0
26,15117.13,Delhi,1
38,56318.33,Pune,1
20,20142.96,Delhi,0
61,36570.9,Pune,0
79,26525.11,Bangalore,0
54,62142.16,Delhi,0
42,19703.03,Delhi,0
33,11031.76,Delhi,1
41,8586.86,Mumbai,1
30,122271.87,Bangalore,1
52,52813.04,Delhi,0
77,11034.67,Pune,0
24,5197.46,Bangalore,1
22,29472.9,Bangalore,0
56,24622.95,Bangalore,1
44,112120.35,Pune,1
74,14654.88,Pune,0
67,83249.24,Bangalore,0
22,5141.72,Pune,1
69,82947.09,Bangalore,1
52,54269.25,Pune,0
52,39741.0,Bangalore,1
59,28621.42,Bangalore,0
73,889.59,Pune,1
29,168811.63,Pune,1
50,40686.43,Mumbai,1
38,12195.58,Mumbai,1
36,24085.38,Pune,0
30,147901.44,Mumbai,0
74,58971.61,Mumbai,0
72,6901.13,Mumbai,1
51,49735.38,Bangalore,1
49,41947.09,Mumbai,1
35,69827.22,Bangalore,1
39,44865.27,Delhi,1
55,553.06,Pune,0
53,12012.45,Pune,0
24,46546.56,Delhi,0
78,46890.42,Mumbai,0
41,2096.14,Bangalore,1
32,20924.53,Bangalore,1
28,14899.12,Bangalore,1
58,65173.92,Bangalore,0
49,14171.8,Bangalore,1
66,77004.44,Delhi,1
40,35783.61,Pune,0
20,96778.29,Delhi,1
37,17645.98,Mumbai,1
30,11958.56,Pune,1
19,37141.57,Mumbai,1
27,36322.58,Delhi,1
30,98130.83,Delhi,1
38,21258.65,Delhi,0
34,4751.95,Bangalore,1
24,85820.74,Delhi,0
49,54820.79,Mumbai,1
60,2081.49,Mumbai,1
63,17021.36,Mumbai,0
76,83615.99,Mumbai,0
76,144182.0,Delhi,0
18,753.92,Delhi,1
50,13529.67,Bangalore,1
75,168958.71,Bangalore,0
39,37438.38,Bangalore,1
57,2584.66,Bangalore,1
38,13918.32,Delhi,0
20,30096.15,Delhi,1
18,25718.29,Delhi,1
47,32906.58,Delhi,1
59,4765.21,Mumbai,0
19,17831.02,Mumbai,1
48,22246.55,Bangalore,1
29,85748.19,Delhi,0
21,132395.51,Delhi,0
63,86056.12,Bangalore,0
51,10239.1,Pune,0
41,68471.7,Delhi,0
79,108850.39,Delhi,0
20,34410.43,Bangalore,1
25,21059.87,Bangalore,0
71,2371.71,Pune,0
49,63487.64,Mumbai,1
53,9012.59,Bangalore,0
57,8394.49,Delhi,1
24,7300.8,Mumbai,1
28,12905.1,Mumbai,1
46,19719.16,Pune,1
19,136091.83,Mumbai,1
47,6924.79,Pune,0
32,6840.7,Bangalore,1
59,157931.05,Bangalore,0
38,6358.15,Mumbai,1
24,38582.23,Delhi,1
23,184131.93,Delhi,0
21,16556.31,Bangalore,1
39,78604.69,Mumbai,1
46,43045.45,Mumbai,1
35,42480.93,Delhi,0
79,670.08,Bangalore,0
19,22225.41,Mumbai,1
53,3189.07,Bangalore,1
25,9291.46,Bangalore,1
71,42164.66,Mumbai,0
46,60741.23,Mumbai,1
50,87116.1,Delhi,1
73,18764.17,Pune,0
61,11111.9,Delhi,0
37,54730.02,Mumbai,0
73,31712.92,Mumbai,0
76,24745.45,Delhi,0
51,22127.76,Bangalore,0
69,41955.93,Bangalore,1
25,61132.37,Pune,1
66,4088.73,Pune,1
39,7202.43,Delhi,1
64,25484.95,Pune,1
24,39872.06,Mumbai,0
72,124.79,Delhi,0
57,19649.16,Bangalore,1
18,57902.21,Pune,1
61,20626.63,Delhi,0
41,60939.28,Bangalore,1
45,124212.94,Pune,0
70,26557.13,Delhi,0
44,47591.57,Mumbai,1
79,13290.47,Mumbai,1
64,62524.3,Bangalore,0
66,5273.3,Bangalore,0
52,132065.7,Pune,1
45,45526.81,Pune,0
48,41780.58,Bangalore,0
31,25087.91,Delhi,0
70,106142.24,Delhi,0
31,76496.44,Pune,0
43,10266.95,Bangalore,0
19,53693.34,Pune,1
41,20678.6,Pune,0
49,26852.13,Delhi,1
44,98242.7,Delhi,0
26,19905.7,Mumbai,1
41,67777.76,Delhi,0
65,126708.29,Bangalore,0
60,51607.21,Bangalore,0
74,179027.84,Pune,1
66,69781.78,Bangalore,1
79,377.31,Pune,1
62,7512.19,Mumbai,1
58,69385.21,Mumbai,0
60,30710.09,Mumbai,0
26,78587.65,Bangalore,1
73,109295.99,Bangalore,0
65,36640.37,Bangalore,1
39,1190.86,Delhi,1
68,41668.89,Bangalore,0
26,103209.86,Mumbai,1
35,17858.02,Mumbai,1
38,37111.08,Bangalore,1
38,15386.31,Pune,1
66,4206.93,Mumbai,0
62,3337.01,Pune,1
32,19504.78,Delhi,1
65,121013.99,Pune,0
36,3027.73,Bangalore,1
29,698.2,Bangalore,1
25,4555.68,Pune,1
24,42245.76,Mumbai,0
58,7995.22,Mumbai,1
60,61830.59,Mumbai,0
19,109995.62,Pune,1
36,11099.41,Pune,0
35,101789.41,Delhi,1
68,68028.08,Bangalore,1
73,42404.93,Bangalore,0
20,31584.2,Bangalore,0
18,87194.96,Mumbai,1
35,21064.81,Mumbai,1
21,53841.12,Mumbai,1
62,10728.55,Delhi,0
32,25276.27,Bangalore,1
20,105240.58,Mumbai,1
72,19867.82,Mumbai,0
28,181729.19,Mumbai,1
68,10533.13,Pune,0
44,44434.43,Pune,0
40,37322.16,Delhi,0
27,9828.07,Delhi,1
57,19452.18,Bangalore,0
47,23774.37,Mumbai,1
40,69422.72,Bangalore,0
51,6585.47,Pune,1
62,76364.64,Mumbai,0
20,110273.39,Bangalore,0
52,7970.69,Mumbai,1
30,14326.07,Pune,1
25,56175.69,Mumbai,1
41,89121.67,Mumbai,1
26,17587.74,Pune,1
26,9019.55,Pune,1
27,19145.02,Pune,0
23,4541.94,Pune,1
25,3970.49,Pune,1
53,36686.41,Mumbai,0
69,3481.24,Delhi,0
58,21950.09,Delhi,1
61,43105.29,Bangalore,0
23,45973.24,Pune,1
38,159310.98,Pune,0
62,26879.16,Delhi,1
62,24348.17,Pune,1
23,79285.36,Delhi,1
22,54903.32,Delhi,1
23,122819.48,Pune,0
65,39067.97,Bangalore,0
57,2424.42,Mumbai,0
32,57877.21,Mumbai,1
79,72576.18,Bangalore,0
55,159461.43,Bangalore,0
60,20798.24,Pune,0
18,61883.32,Pune,1
24,44182.53,Bangalore,1
57,66831.83,Delhi,1
46,65420.05,Pune,1
75,41295.07,Pune,1
33,50483.51,Mumbai,1
72,9825.63,Mumbai,1
35,23103.99,Pune,1
64,37509.11,Bangalore,0
61,20401.12,Mumbai,1
20,188674.89,Bangalore,1
48,183158.5,Mumbai,0
30,6546.35,Mumbai,1
60,33031.92,Delhi,0
28,4589.16,Delhi,1
51,40747.45,Delhi,1
63,22944.61,Mumbai,1
30,22976.34,Mumbai,1
50,8563.31,Bangalore,1
58,5339.04,Delhi,0
20,64592.1,Delhi,0
71,26307.28,Mumbai,1
46,33933.21,Mumbai,0
24,56690.2,Mumbai,0
50,92148.52,Mumbai,0
65,1920.53,Bangalore,0
57,4487.41,Pune,1
67,87429.1,Bangalore,0
69,65983.35,Pune,0
60,64892.93,Delhi,1
21,2198.88,Bangalore,1
57,80289.92,Mumbai,1
38,70451.83,Delhi,1
49,84107.33,Bangalore,0
66,27547.1,Mumbai,1
55,26925.7,Delhi,1
27,34087.74,Mumbai,1
39,64174.79,Mumbai,0
35,38425.31,Delhi,1
78,35467.27,Bangalore,0
62,141233.74,Mumbai,0
64,54469.78,Delhi,0
47,16229.48,Bangalore,1
49,845.51,Bangalore,1
51,458.2,Pune,0
66,62995.48,Delhi,1
34,39722.04,Bangalore,1
21,65889.6,Bangalore,1
25,6409.65,Bangalore,1
79,8154.61,Delhi,0
22,121007.66,Pune,0
26,47237.13,Mumbai,0
61,18043.36,Mumbai,1
58,30026.12,Bangalore,1
44,53656.82,Bangalore,1
26,3811.9,Delhi,1
26,149894.49,Bangalore,1
38,17520.08,Bangalore,0
33,20473.04,Pune,1
52,7434.6,Bangalore,0
20,87542.89,Pune,0
27,626.79,Pune,1
77,313027.07,Pune,0
52,71524.11,Pune,0
43,41045.86,Delhi,1
37,388.41,Pune,1
35,3981.51,Delhi,1
78,48921.72,Mumbai,0
74,227423.14,Bangalore,0
22,8713.87,Bangalore,1
52,76784.94,Bangalore,1
72,3554.49,Mumbai,0
60,7871.23,Mumbai,1
40,50548.26,Bangalore,0
67,6704.91,Bangalore,1
20,35015.62,Pune,0
20,58239.44,Mumbai,1
70,30968.67,Delhi,0
26,5452.46,Pune,1
24,5852.38,Mumbai,1
58,33952.33,Pune,0
19,59887.76,Pune,1
41,20102.84,Bangalore,1
54,138226.8,Bangalore,0
68,29923.51,Pune,1
63,118485.67,Delhi,0
24,864.51,Delhi,1
70,21324.41,Delhi,0
60,23682.29,Pune,0
36,127610.37,Pune,0
79,87226.9,Bangalore,1
44,1898.28,Mumbai,1
33,3774.0,Pune,1
56,186844.1,Pune,0
19,155.98,Delhi,1
40,52308.92,Mumbai,0
56,8922.09,Pune,1
76,40912.41,Bangalore,0
42,90350.49,Delhi,0
53,22363.56,Mumbai,0
54,151020.26,Mumbai,0
37,273493.6,Delhi,0
23,21390.31,Delhi,1
59,132264.85,Pune,0
68,67706.49,Mumbai,0
62,15466.09,Bangalore,0
52,31020.3,Pune,1
78,110969.23,Mumbai,0
32,18930.2,Bangalore,1
41,61918.25,Delhi,1
42,13883.4,Delhi,1
71,67993.0,Mumbai,0
33,14725.34,Bangalore,1
54,246169.48,Pune,0
77,9266.17,Pune,0
49,69878.13,Pune,1
38,100051.1,Bangalore,1
54,93890.41,Pune,1
47,101838.62,Pune,0
75,2218.39,Bangalore,1
45,27845.09,Delhi,0
64,150828.1,Pune,0
25,38712.42,Pune,0
75,20247.99,Pune,0
62,34696.66,Bangalore,1
59,13765.59,Mumbai,1
25,99348.0,Mumbai,0
74,191953.38,Delhi,0
44,12981.94,Pune,1
24,11141.18,Delhi,1
70,62733.11,Pune,0
23,7398.1,Mumbai,1
60,27452.18,Delhi,0
46,83709.31,Pune,0
34,12614.4,Pune,1
33,20785.75,Pune,1
73,44782.2,Pune,0
38,25122.11,Pune,0
78,69166.59,Bangalore,0
42,25193.67,Pune,1
57,14917.6,Pune,1
30,4097.22,Delhi,1
75,34432.45,Pune,0
71,33267.48,Delhi,1
29,240129.39,Mumbai,0
50,34547.77,Delhi,0
49,5003.51,Delhi,0
42,31076.34,Mumbai,0
49,98923.66,Mumbai,1
48,104427.22,Pune,0
49,27574.4,Mumbai,0
18,97287.78,Delhi,0
55,35076.81,Delhi,0
31,97946.11,Mumbai,1
39,55910.29,Mumbai,0
76,41502.81,Bangalore,1
49,4064.62,Delhi,1
32,3985.01,Pune,0
61,6193.66,Pune,1
19,167119.03,Bangalore,1
44,93301.05,Mumbai,0
59,30165.33,Pune,0
57,23465.94,Delhi,0
69,4616.54,Bangalore,1
49,35061.18,Pune,1
44,10054.28,Pune,0
67,44811.51,Bangalore,0
61,4682.48,Bangalore,1
68,21399.96,Bangalore,0
63,47645.33,Pune,1
79,10339.59,Delhi,0
35,7175.09,Bangalore,0
60,86494.29,Delhi,0
61,4603.42,Mumbai,0
49,16812.46,Mumbai,1
21,13302.93,Mumbai,1
74,23605.06,Bangalore,1
69,69895.24,Mumbai,0
61,52261.4,Mumbai,0
59,21345.59,Bangalore,1
19,72557.37,Bangalore,1
30,98522.31,Pune,0
27,127933.9,Pune,1
38,46264.01,Mumbai,1
20,27092.37,Pune,1
19,2610.2,Pune,1
67,68449.49,Mumbai,0
18,36599.16,Bangalore,0
78,76534.56,Mumbai,1
44,6150.04,Delhi,1
73,15203.8,Delhi,1
73,94969.81,Delhi,0
31,34461.09,Bangalore,1
44,12224.44,Delhi,0
34,273135.33,Bangalore,0
48,29437.51,Mumbai,0
76,61125.39,Delhi,0
57,78080.02,Pune,1
51,9139.4,Bangalore,1
54,41625.4,Bangalore,0
32,72668.56,Delhi,1
24,52368.51,Pune,1
27,37956.9,Mumbai,0
54,41705.25,Delhi,1
53,26555.75,Bangalore,1
36,15382.74,Delhi,1
45,12826.47,Delhi,0
20,15313.79,Pune,0
24,9043.53,Pune,1
19,8082.31,Pune,1
45,34341.65,Mumbai,0
41,162256.93,Pune,1
79,9467.91,Pune,0
69,37105.23,Delhi,0
39,153658.87,Delhi,0
19,4751.67,Delhi,1
29,45400.23,Bangalore,0
78,45524.42,Mumbai,0
65,46840.1,Mumbai,0
37,44750.77,Mumbai,1
36,30733.27,Delhi,1
32,9144.91,Bangalore,1
44,91767.3,Bangalore,1
50,20932.97,Pune,0
52,5679.08,Pune,1
22,134669.9,Pune,0
28,50261.24,Bangalore,1
26,9115.1,Mumbai,1
59,12647.96,Delhi,1
63,49903.41,Delhi,1
20,39119.07,Pune,1
55,32983.17,Mumbai,0
20,12688.21,Bangalore,1
42,42339.68,Pune,0
23,67919.07,Bangalore,1
54,63110.43,Mumbai,1
77,1590.21,Bangalore,0
37,35008.71,Mumbai,0
28,12017.59,Delhi,1
55,48117.72,Pune,1
53,14786.08,Bangalore,0
53,15629.55,Pune,0
45,85994.99,Mumbai,1
58,19271.8,Delhi,1
75,67593.68,Mumbai,0
21,41570.48,Pune,1
37,7153.56,Bangalore,1
61,26254.5,Delhi,1
65,76382.2,Bangalore,0
49,8531.83,Pune,0
73,95219.02,Pune,1
75,49977.28,Bangalore,1
65,423.9,Delhi,1
70,11333.73,Delhi,1
73,25951.16,Pune,0
48,21810.75,Pune,0
36,54388.28,Mumbai,0
57,23511.83,Pune,0
30,343927.4,Delhi,0
46,50655.22,Mumbai,0
25,136768.05,Bangalore,0
55,874.26,Pune,1
57,70930.03,Bangalore,0
36,26152.62,Delhi,1
71,50431.77,Mumbai,0
49,68701.44,Bangalore,0
24,59599.92,Delhi,0
19,11172.55,Mumbai,1
40,25524.09,Mumbai,1
52,32887.9,Delhi,0
74,18546.41,Mumbai,0
47,29724.67,Pune,1
57,7200.32,Delhi,0
32,98662.03,Delhi,1
18,13642.93,Bangalore,1
69,26853.73,Bangalore,0
72,3950.92,Mumbai,1
68,193033.82,Bangalore,0
34,56380.4,Pune,1
48,25429.85,Mumbai,0
44,73025.6,Mumbai,0
78,57663.28,Mumbai,0
63,4502.63,Mumbai,0
46,60387.52,Mumbai,0
34,24426.5,Pune,0
48,66178.46,Mumbai,0
19,140158.45,Mumbai,1
61,14625.31,Mumbai,1
39,27902.24,Bangalore,1
58,16056.61,Delhi,1
37,66059.57,Bangalore,1
37,35682.0,Pune,1
51,68907.55,Delhi,1
76,68762.22,Delhi,0
21,129642.65,Mumbai,0
74,18149.29,Bangalore,1
63,62297.6,Pune,0
21,25501.33,Mumbai,1
19,191070.83,Delhi,0
27,230707.12,Mumbai,0
53,7956.28,Delhi,0
60,28750.62,Pune,1
56,38221.38,Delhi,0
48,37806.04,Pune,0
37,14872.26,Bangalore,1
26,45956.86,Bangalore,1
47,159106.46,Mumbai,0
42,18469.43,Bangalore,1
50,66746.31,Pune,0
42,2490.33,Pune,0
43,41800.89,Pune,0
53,79001.08,Mumbai,0
24,69738.48,Delhi,1
66,14200.16,Bangalore,0
55,116028.25,Bangalore,0
40,41657.43,Mumbai,1
27,4441.88,Mumbai,0
59,27676.35,Delhi,1
40,171705.02,Mumbai,0
59,14758.84,Bangalore,1
28,13779.65,Delhi,1
51,1598.65,Delhi,1
74,67746.49,Bangalore,1
54,75880.53,Delhi,0
56,17632.76,Pune,1
27,27845.39,Delhi,1
32,19762.66,Bangalore,1
47,4731.75,Mumbai,1
54,99476.25,Bangalore,0
44,53813.04,Mumbai,1
78,34782.72,Mumbai,0
53,60479.91,Bangalore,1
18,40913.92,Mumbai,0
50,228669.45,Mumbai,0
25,17534.77,Mumbai,1
18,14123.31,Mumbai,0
44,16897.94,Mumbai,1
49,113248.43,Pune,0
66,63237.5,Bangalore,0
48,12360.5,Bangalore,0
18,86478.89,Pune,1
33,8833.55,Bangalore,0
74,39257.06,Bangalore,1
44,40585.64,Mumbai,1
29,41638.37,Mumbai,0
23,14525.7,Mumbai,1
61,94718.55,Pune,0
72,137992.04,Mumbai,0
65,20195.0,Delhi,1
72,66478.65,Bangalore,1
39,62726.29,Pune,1
75,3057.59,Bangalore,0
29,80990.84,Delhi,0
66,69756.07,Delhi,0
66,8502.75,Pune,1
71,42641.71,Delhi,0
37,68774.7,Delhi,0
57,69041.19,Pune,0
27,184847.61,Bangalore,0
63,46077.26,Mumbai,1
24,47318.13,Delhi,0
46,103082.67,Delhi,0
75,79998.31,Pune,0
57,36255.76,Mumbai,0
79,9874.54,Bangalore,0
21,66579.94,Delhi,1
67,53577.06,Bangalore,0
53,38930.64,Delhi,1
45,115088.18,Mumbai,0
38,78822.67,Delhi,1
39,16118.79,Pune,0
22,36013.35,Delhi,1
79,46160.25,Pune,0
45,58447.83,Mumbai,0
18,40819.09,Pune,1
67,55807.81,Pune,0
64,15345.25,Bangalore,0
70,32953.25,Bangalore,0
67,1420.28,Bangalore,0
25,34521.62,Pune,1
22,82265.46,Delhi,0
22,103976.24,Delhi,0
51,675.48,Bangalore,1
42,16277.68,Mumbai,1
66,92843.25,Delhi,0
42,5768.57,Pune,0
61,13741.16,Delhi,1
70,11927.9,Bangalore,0
54,117905.04,Bangalore,0
54,37427.63,Bangalore,0
37,101125.13,Delhi,1
66,139447.17,Pune,0
67,76223.21,Mumbai,1
27,77836.45,Bangalore,1
28,55925.37,Delhi,1
21,49824.66,Mumbai,1
59,30843.21,Mumbai,1
77,58511.49,Bangalore,0
27,2032.56,Mumbai,1
19,10567.58,Bangalore,1
41,26071.84,Mumbai,1
61,44306.96,Mumbai,1
76,96605.0,Mumbai,0
43,67599.14,Delhi,0
22,31334.69,Pune,1
44,77364.12,Pune,1
54,7315.84,Bangalore,0
77,12214.14,Mumbai,0
27,10203.03,Bangalore,1
59,159542.57,Mumbai,0
40,12758.69,Bangalore,1
68,191902.94,Delhi,0
24,90866.82,Delhi,1
36,19652.94,Bangalore,0
74,10878.14,Delhi,0
18,78841.4,Bangalore,1
79,75950.95,Pune,0
37,40820.09,Bangalore,1
51,28981.29,Bangalore,1
68,9988.85,Bangalore,0
57,36134.09,Bangalore,1
33,4395.92,Delhi,1
30,6056.26,Delhi,1
31,121269.03,Mumbai,1
49,62452.97,Delhi,0
39,10708.33,Pune,1
75,45476.04,Bangalore,0
44,3947.63,Bangalore,1
57,49789.62,Pune,0
67,26549.28,Bangalore,0
35,13390.01,Mumbai,1
27,74792.87,Mumbai,0
73,161010.79,Delhi,0
45,46571.25,Pune,0
34,7037.59,Delhi,0
57,32694.75,Mumbai,1
63,113745.21,Delhi,1
33,42418.15,Delhi,1
62,169048.1,Bangalore,0
43,12895.81,Mumbai,0
25,53811.34,Mumbai,1
26,2485.86,Mumbai,1
57,29515.03,Pune,0
33,62913.65,Bangalore,0
53,4009.97,Pune,1
53,184467.87,Pune,0
40,25174.87,Mumbai,1
41,70090.47,Pune,1
41,170654.12,Mumbai,0
45,55453.55,Mumbai,0
23,68452.91,Bangalore,0
73,72141.99,Mumbai,0
70,5186.67,Mumbai,0
23,40735.45,Mumbai,1
78,117457.55,Delhi,0
56,15155.85,Mumbai,1
34,8281.47,Pune,1
50,84.01,Pune,1
43,105546.12,Bangalore,1
27,8328.17,Bangalore,1
36,40201.95,Bangalore,1
41,109738.65,Mumbai,0
41,18515.96,Mumbai,1
28,29558.33,Bangalore,0
77,42303.64,Pune,1
32,27564.82,Pune,0
36,13513.03,Mumbai,0
54,14921.09,Mumbai,1
18,6351.86,Delhi,1
65,105682.77,Pune,0
31,14101.86,Pune,0
62,9785.63,Delhi,0
64,91923.26,Bangalore,0
42,21002.03,Mumbai,1
74,7478.37,Pune,1
67,12049.25,Mumbai,0
31,33356.75,Pune,1
61,16069.87,Bangalore,1
42,71608.7,Bangalore,0
27,62863.61,Pune,0
79,29588.34,Bangalore,0
50,70146.89,Delhi,0
18,16322.31,Bangalore,1
47,133414.93,Bangalore,0
47,63817.64,Pune,1
53,20543.75,Delhi,0
69,32202.24,Bangalore,0
32,9417.31,Mumbai,0
56,34550.33,Bangalore,0
38,3127.07,Mumbai,1
61,79402.7,Delhi,0
38,108755.5,Bangalore,0
54,22464.54,Delhi,1
78,4343.03,Mumbai,0
38,13648.56,Bangalore,1
18,22712.21,Bangalore,0
78,79370.55,Mumbai,0
57,35457.75,Bangalore,0
52,54877.96,Pune,0
54,7660.39,Bangalore,0
76,51520.83,Pune,0
38,76155.27,Pune,1
61,141014.42,Bangalore,0
48,47389.39,Bangalore,1
79,10753.31,Mumbai,0
72,75215.78,Bangalore,0
59,5859.94,Bangalore,0
35,2177.57,Delhi,1
72,157060.06,Bangalore,0
47,110311.13,Bangalore,0
46,17028.96,Mumbai,1
26,183520.85,Pune,0
35,8224.95,Pune,0
63,136141.65,Pune,0
23,41685.94,Mumbai,0
22,17368.04,Mumbai,1
78,45259.55,Pune,0
27,2684.3,Pune,1
68,1146.65,Bangalore,1
40,114497.69,Pune,0
76,5370.79,Mumbai,0
48,87558.17,Pune,0
53,76300.01,Delhi,1
55,19376.72,Pune,0
50,31485.56,Pune,0
18,91677.03,Mumbai,1
54,62818.93,Mumbai,1
69,46244.94,Pune,0
78,79784.09,Mumbai,0
62,133117.44,Pune,0
23,16201.37,Bangalore,0
40,13925.05,Delhi,1
29,8776.4,Mumbai,1
47,28934.56,Bangalore,1
61,58809.16,Pune,0
36,66869.68,Mumbai,1
39,3396.87,Pune,0
78,5365.7,Pune,1
25,1045.97,Delhi,1
44,13477.19,Pune,1
75,144799.82,Mumbai,0
21,29728.63,Bangalore,1
63,16328.96,Mumbai,0
64,25842.38,Pune,0
44,37412.44,Pune,1
37,15115.19,Bangalore,0
71,27154.96,Delhi,1
42,42294.07,Delhi,1
40,122172.78,Mumbai,1
75,21703.92,Mumbai,0
71,46798.38,Delhi,0
21,33015.95,Mumbai,1
46,155235.89,Mumbai,0
47,137807.09,Delhi,0
29,24853.17,Bangalore,0
72,53032.46,Bangalore,0
49,50981.51,Pune,0
51,17315.18,Mumbai,0
23,26076.67,Mumbai,1
39,2416.25,Delhi,1
59,19258.53,Bangalore,0
55,53891.54,Mumbai,0
78,12432.29,Mumbai,0
68,34386.72,Pune,0
18,35580.51,Mumbai,0
32,97780.2,Delhi,0
54,27621.76,Mumbai,0
79,1922.27,Mumbai,1
38,33365.26,Mumbai,1
67,85118.34,Mumbai,0
23,52499.18,Pune,1
20,89610.82,Bangalore,1
64,15541.75,Mumbai,0
45,43486.1,Bangalore,1
61,54014.81,Pune,0
48,70368.82,Mumbai,1
73,216124.12,Bangalore,0
37,51723.4,Pune,1
38,92766.68,Delhi,1
79,6091.18,Delhi,1
60,22664.26,Bangalore,1
58,17620.69,Delhi,1
59,9314.56,Delhi,1
72,14948.23,Bangalore,0
21,45637.79,Bangalore,0
25,126696.88,Pune,1
73,42311.89,Mumbai,0
51,73693.08,Bangalore,0
57,39486.2,Pune,0
47,24478.84,Delhi,1
44,156137.76,Mumbai,0
63,112817.29,Pune,0
47,7486.37,Delhi,1
42,124358.06,Pune,1
42,118191.3,Delhi,0
73,10337.52,Bangalore,1
58,8327.32,Mumbai,0
72,146283.09,Delhi,0
49,57934.74,Bangalore,1
26,87198.89,Bangalore,0
19,11065.13,Delhi,1
39,84564.81,Bangalore,0
54,6306.11,Pune,0
34,50760.23,Bangalore,0
67,142556.64,Pune,0
40,13782.65,Delhi,0
44,16781.87,Bangalore,1
65,4512.33,Pune,1
63,15658.03,Delhi,1
29,32623.74,Delhi,1
60,15851.03,Mumbai,1
21,40152.62,Bangalore,0
32,4419.62,Delhi,1
51,38472.9,Delhi,0
40,170723.2,Pune,0
66,6730.82,Bangalore,0
54,93443.68,Delhi,0
24,4151.26,Bangalore,1
59,52421.32,Pune,0
69,35902.0,Bangalore,1
58,130394.63,Pune,0
27,86642.37,Bangalore,1
64,1874.77,Bangalore,1
22,17813.0,Pune,1
36,100186.56,Mumbai,0
53,4548.92,Mumbai,0
46,56005.32,Delhi,0
64,36830.08,Pune,1
46,61517.43,Mumbai,0
18,45612.65,Delhi,1
51,89188.89,Bangalore,0
37,3189.54,Bangalore,1
25,17358.48,Pune,0
26,35263.88,Pune,1
39,260657.41,Delhi,0
51,38448.5,Pune,1
22,19802.45,Pune,0
66,25927.15,Delhi,0
23,3197.63,Delhi,0
53,1288.29,Pune,1
49,1059.71,Pune,0
34,6499.97,Mumbai,1
79,48091.56,Delhi,0
33,99355.55,Mumbai,0
67,36224.72,Delhi,0
58,21699.78,Mumbai,0
40,83926.18,Bangalore,1
69,203.71,Pune,1
79,39026.26,Delhi,1
52,11634.79,Bangalore,1
34,26147.64,Bangalore,0
58,31851.58,Delhi,0
39,52182.62,Mumbai,0
45,137316.75,Delhi,0
57,14989.77,Pune,0
57,16729.92,Delhi,1
61,8947.07,Mumbai,0
77,10697.45,Delhi,0
40,55070.64,Delhi,0
67,17014.32,Pune,1
57,90205.59,Bangalore,0
18,45990.97,Delhi,1
55,19452.84,Bangalore,1
51,83068.62,Mumbai,1
76,19774.05,Bangalore,1
49,1240.69,Bangalore,1
45,51292.49,Bangalore,0
23,11802.51,Delhi,1
50,58605.8,Delhi,1
69,88233.17,Mumbai,0
71,26100.57,Mumbai,1
44,282765.8,Bangalore,0
38,7697.95,Delhi,1
61,4427.58,Mumbai,1
66,59008.23,Bangalore,1
34,44004.43,Pune,0
47,5471.98,Bangalore,1
76,8229.83,Mumbai,0
29,90126.26,Bangalore,0
38,18306.09,Mumbai,1
66,16152.7,Pune,0
59,276378.15,Bangalore,0
73,19487.84,Bangalore,0
40,104126.28,Delhi,0
46,62701.49,Pune,1
25,22952.76,Pune,1
23,4039.2,Delhi,0
19,6896.72,Bangalore,0
27,2728.58,Pune,1
72,9043.21,Delhi,0
71,64161.07,Bangalore,1
53,95536.24,Pune,0
51,55099.27,Pune,1
54,86106.94,Pune,1
79,230518.72,Mumbai,0
26,104644.15,Bangalore,1
66,126999.77,Delhi,0
37,8008.8,Pune,0
38,3090.39,Bangalore,0
63,21316.12,Mumbai,0
53,102268.3,Delhi,0
41,24334.15,Mumbai,1
49,59281.29,Mumbai,0
48,36901.64,Mumbai,1
35,13102.37,Pune,1
31,8167.11,Pune,1
63,1085.52,Mumbai,0
22,28036.88,Delhi,1
24,31787.74,Mumbai,1
50,379.96,Pune,1
25,9249.75,Mumbai,1
67,42033.27,Bangalore,0
29,870.56,Pune,1
20,25595.86,Pune,1
27,6675.79,Mumbai,1
26,9749.64,Bangalore,1
77,45180.46,Delhi,0
73,8000.93,Delhi,1
47,84795.14,Pune,0
66,380.05,Delhi,1
79,3726.99,Bangalore,1
66,17022.61,Bangalore,0
77,19291.03,Delhi,1
73,4172.26,Pune,1
37,138929.1,Delhi,1
68,25107.98,Pune,1
71,25910.75,Bangalore,0
37,7508.49,Bangalore,1
28,121000.98,Mumbai,0
54,70418.48,Bangalore,0
35,34294.57,Delhi,0
78,73003.12,Bangalore,0
41,613.22,Bangalore,1
36,134304.22,Delhi,0
67,12579.2,Mumbai,0
53,65464.23,Delhi,0
21,41031.76,Bangalore,1
65,49661.4,Bangalore,0
74,52655.97,Mumbai,0
56,231476.95,Mumbai,0
28,2392.13,Delhi,1
54,1688.65,Delhi,1
60,15912.65,Delhi,0
43,24146.63,Bangalore,1
20,51518.2,Delhi,1
55,5295.45,Bangalore,0
60,24258.23,Delhi,0
31,65246.66,Mumbai,0
39,69553.83,Delhi,1
32,50448.98,Pune,1
54,42031.93,Bangalore,0
24,89568.13,Pune,1
69,37025.18,Pune,0
58,7089.13,Delhi,1
59,60880.29,Bangalore,0
41,21806.0,Delhi,0
78,64291.07,Pune,0
73,95654.1,Bangalore,0
56,68049.59,Mumbai,0
24,19610.87,Delhi,1
37,64876.8,Mumbai,1
19,584.13,Mumbai,1
65,15824.21,Pune,0
33,25310.93,Bangalore,0
44,69223.69,Bangalore,0
39,76864.19,Mumbai,1
50,54903.29,Bangalore,0
59,81038.87,Delhi,0
71,44849.95,Delhi,0
34,112018.64,Bangalore,0
63,123211.47,Delhi,0
74,63917.68,Mumbai,0
44,49845.01,Pune,0
62,113903.09,Pune,0
42,68575.05,Pune,1
79,111651.68,Delhi,0
51,32190.31,Delhi,0
77,31671.3,Delhi,0
19,121468.26,Pune,0
68,63509.19,Delhi,1
54,6557.37,Delhi,1
72,159934.05,Bangalore,0
40,39704.61,Pune,1
38,20697.01,Pune,1
63,189212.69,Pune,1
43,152457.99,Delhi,0
64,20663.54,Pune,1
68,43404.5,Mumbai,0
27,3683.78,Bangalore,1
47,18668.73,Mumbai,1
56,63659.05,Mumbai,0
42,143096.35,Pune,1
25,60520.83,Bangalore,0
23,7261.41,Bangalore,0
79,66019.91,Mumbai,0
37,7909.52,Pune,1
67,57151.49,Pune,1
32,3818.77,Pune,1
40,47216.71,Pune,0
42,17286.69,Bangalore,0
79,126806.57,Bangalore,0
61,30357.23,Bangalore,1
74,7149.19,Pune,0
66,64895.19,Mumbai,0
65,46208.81,Pune,1
46,82566.01,Mumbai,1
38,67692.06,Bangalore,0
29,20359.48,Mumbai,1
54,47806.06,Delhi,1
26,61301.24,Mumbai,1
58,22098.03,Bangalore,1
28,13557.25,Bangalore,1
55,31046.49,Delhi,0
24,10259.43,Bangalore,1
58,882.43,Pune,1
71,48808.75,Pune,0
75,7699.83,Bangalore,1
36,76413.42,Pune,0
51,26354.76,Delhi,0
49,70920.19,Bangalore,0
41,29715.66,Bangalore,0
25,73007.36,Pune,0
69,95951.32,Pune,0
71,24817.99,Delhi,0
71,34642.28,Pune,1
19,109164.18,Bangalore,0
40,10665.08,Delhi,0
26,24157.86,Bangalore,1
79,77584.99,Pune,0
38,160541.42,Delhi,0
55,37954.82,Pune,1
68,61565.21,Delhi,0
74,26808.29,Pune,0
37,27837.4,Delhi,1
29,4962.06,Delhi,1
35,7041.74,Pune,0
51,110530.01,Bangalore,0
23,21678.48,Bangalore,1
39,13752.4,Delhi,1
40,104491.63,Mumbai,0
43,85926.39,Delhi,0
60,21489.44,Bangalore,1
42,40138.95,Pune,1
69,4959.19,Bangalore,1
68,26099.94,Delhi,0
66,16490.42,Bangalore,1
79,28225.5,Pune,1
64,55697.94,Bangalore,1
30,57442.76,Delhi,1
19,93379.98,Pune,1
78,23421.28,Bangalore,0
61,28436.71,Delhi,1
22,4425.56,Bangalore,1
44,14063.87,Bangalore,1
74,5277.25,Delhi,1
33,8538.92,Mumbai,1
39,5646.35,Pune,1
74,103838.82,Delhi,0
